id,source_id,property_id,first_american_listing_id,first_american_property_id,listing_series_id,listing_id,address_id,apn,fips,type,sub_type,lot_square_feet,square_feet,building_style,heating_type,cooling_type,stories,year_built,roof_type,exterior_wall_type,bedrooms,bathrooms,parking_spaces,garage_type,view_features,price_per_square_foot,air_conditioning_type,interior_features,exterior_features,existing_structure_type,details,lot_features,zoning,neighborhood,school_district,elementary_school,middle_school,high_school,appliance_features,lot_acres,water_type,listing_date,days_on_market,original_listing_date,original_status,status,sub_status,rental,amount,max_amount,max_amount_date,min_amount,min_amount_date,sale_amount,sale_date,adjusted_sale_amount,adjusted_sale_amount_range,last_amount_change,last_amount_change_date,prior_amount_change,prior_amount_change_date,last_status_change,last_status_change_date,last_sub_status_change,last_sub_status_change_date,prior_status_change,prior_status_change_date,prior_sub_status_change,prior_sub_status_change_date,agent_name,agent_address,agent_phone,agent_email,office_name,office_address,office_phone,office_email,update_timestamp,ucid,batch_job_file_id,line_number,batch_file_date,current_listing,current_rental,effective_update_date,effective_end_date,effective_listing_date
121045003,4334100123,1725075352,201404042014042500112221780000000002,23026388,11222178,,1169577703,02323-29-025-000,08031,SFR,,6150.0,702.0,,,,1,1950.0,,CONCRETE BLOCK,2.0,1.0,,,,195.0,,,,,"1570 King St This SingleFamily Home located at 1570 King Street, Denver CO sold on Apr 4, 2014. 1570 King St has 2 beds, 1 bath, and approximately 702 square feet. The property has a lot size of 6,150 sqft and was built in 1950. The average listing price for similar homes for sale is $275,272 and the average sales price for similar recently sold homes is $300,612. 1570 King St is in the West Colfax neighborhood in Denver, CO. The average price per square foot for homes for sale in West Colfax is $262.",,,CHELTENHAM HEIGHTS,,,,,,,,1900-01-01,,,SOLD,SOLD,,,,,2014-04-18,,2014-04-18,137000.0,2014-04-04,138000.0,136800-137200,,,,,,,,,,,,,,,,,,,,,2016-05-22,C,684567.0,5145631.0,2017-02-02,,,2014-04-04,2014-04-04,2016-05-22
183159105,6144572144,1725075352,201806082018060900498124400000000001,23026388,49812440,5241311,1097827539,02323-29-025-000,08031,HOUSE,,,,,,,,,,,2.0,1.0,,,,,,,,,,,,,,,,,,,,2018-06-08,3.0,2018-06-08,ACTIVE,ACTIVE,,,475000.0,475000.0,2018-06-09,475000.0,2018-06-09,,,,,,,,,,,,,,,,,SCOTT FRANKS,,,,SIGNATURE REALTY,11941 W 48TH AVE WHEAT RIDGE CO 80033-2118,,,2018-06-09,A,997199.0,21323.0,2018-06-12,1.0,,2018-06-12,,2018-06-08
186913341,6195402758,1725075352,201806262018060900498124400000000002,23026388,49812440,5241311,1097827539,02323-29-025-000,08031,HOUSE,,,,,,,,,,,2.0,1.0,,,,,,,,,,,,,,,,,,,,2018-06-08,18.0,2018-06-08,ACTIVE,SOLD,,,475000.0,475000.0,2018-06-09,475000.0,2018-06-09,482500.0,2018-06-26,483000.0,482300-482700,,,,,ACTIVE,2018-06-09,,,,,,,SCOTT FRANKS,,,,SIGNATURE REALTY,11941 W 48TH AVE WHEAT RIDGE CO 80033-2118,,,2018-07-12,A,1016094.0,25687.0,2018-07-13,1.0,,2018-06-26,2018-06-26,2018-06-08
127804540,4340914949,1725093997,201507252015122800194970820000000007,23045010,19497082,4944168,1169577712,02323-30-021-000,08031,SFR,RESIDENTIAL (NEC),7405.0,1025.0,RANCH,FORCED AIR,,,1952.0,COMPOSITION SHINGLE,,2.0,2.0,,,,668.0,NONE,,,,"Amazing development opportunity on a corner lot that is within walking distance of Sloans Lake and light rail!  The lot is a 7,600 sqft lot (57 ft front by 135 ft sides) zoned G-MU-3 and priced for the land value.  Development opportunities in this area are going fast so don't miss out!  Contact broker with any questions and offers, please do not disturb the homeowner.   Owner will need to find replacement housing after a sale so a lease back option will make offer stronger. Information is reliable but not guaranteed.",,G-MU-3,SLOANS LAKE,,CHELTENHAM,LAKE INT'L,NORTH,,,,2015-07-25,156.0,2015-07-25,FAIL,FAIL,CANCEL/WITHDRAWN,,685000.0,685000.0,2015-07-27,685000.0,2015-07-27,,,,,,,,,ACTIVE,2015-11-20,,,FAIL,2015-11-19,CANCEL/WITHDRAWN,2015-11-19,RAMON C. BARGAS,3480 W 38TH AVE DENVER CO 80211 US,(720) 234-5134,RAMON@RAZRGOUP.COM,LUCERO REAL ESTATE,3480 W 38TH AVE DENVER CO 80211 US,(303) 458-0100,LUCEROTEAM@LUCEROREALESTATE.COM,2016-05-26,C,684567.0,5115945.0,2017-02-02,,,2015-11-20,2015-11-20,2015-07-25
268990894,8055905538,1725093997,201908272019090600773973260000000003,23045010,77397326,8144500,1097828609,02323-30-021-000,08031,VACANT LAND (NEC),,7405.0,,,"FORCED AIR, GAS",,,1952.0,COMPOSITION SHINGLES,"BLOCK, BRICK, OTHER CONSTRUCTION, STUCCO",,,1.0,"CARPORT (0), GARAGE (0), UNCOVERED (0)",,,NONE,,FRAME,,,,G-MU-3,,DENVER 1,CHELTENHAM,STRIVE LAKE,NORTH,,LOT SIZE:,PUBLIC,2019-08-27,10.0,2019-08-27,ACTIVE,ACTIVE,,,875000.0,875000.0,2019-08-28,875000.0,2019-08-28,,,,,,,,,,,,,,,,,AMIE JACOBS,,,,ALLURE HOMES LLC,565 CLAYTON ST DENVER CO 80206-4232,,,2019-09-06,A,1361122.0,64072.0,2019-09-09,1.0,,2019-09-09,,2019-08-27
267311311,8018321425,1725093997,201908272019082900773973260000000002,23045010,77397326,8144500,1097828609,02323-30-021-000,08031,VACANT LAND (NEC),,7405.0,,,"FORCED AIR, GAS",,,1952.0,COMPOSITION SHINGLES,"BLOCK, BRICK, OTHER CONSTRUCTION, STUCCO",,,1.0,"CARPORT (0), GARAGE (0), UNCOVERED (0)",,,NONE,,FRAME,,,,G-MU-3,,DENVER 1,CHELTENHAM,STRIVE LAKE,NORTH,,LOT SIZE:,PUBLIC,2019-08-27,2.0,2019-08-27,ACTIVE,ACTIVE,,,875000.0,875000.0,2019-08-28,875000.0,2019-08-28,,,,,,,,,,,,,,,,,AMIE JACOBS,,,,ALLURE HOMES LLC,565 CLAYTON ST DENVER CO 80206-4232,,,2019-08-29,A,1350537.0,38133.0,2019-08-30,1.0,,2019-08-30,,2019-08-27
267012842,8016445501,1725093997,201908272019082800773973260000000001,23045010,77397326,8144500,1097828609,02323-30-021-000,08031,VACANT LAND (NEC),,7405.0,,,"FORCED AIR, GAS",,,1952.0,COMPOSITION SHINGLES,"BLOCK, BRICK, OTHER CONSTRUCTION, STUCCO",,,1.0,"6 PARKING SPACES, OFF STREET",,,NONE,,FRAME,,,,G-MU-3,,DENVER 1,CHELTENHAM,STRIVE LAKE,NORTH,,LOT SIZE:,"PUBLIC WATER SERVICE, WELL",2019-08-27,1.0,2019-08-27,ACTIVE,ACTIVE,,,875000.0,875000.0,2019-08-28,875000.0,2019-08-28,,,,,,,,,,,,,,,,,AMIE JACOBS,,,,STONE REAL ESTATE LLC,565 CLAYTON ST DENVER CO 80206-4232,,,2019-08-28,A,1350244.0,48495.0,2019-08-29,1.0,,2019-08-29,,2019-08-27
127805459,4340915880,1725093997,201604012016062700252345460000000004,23045010,25234546,8584965,1169577712,02323-30-021-000,08031,RESIDENTIAL (NEC),RESIDENTIAL LOT,7405.0,,,,,,,,,,,1.0,,,,,,,,"CORNER lot development opportunity on 7,600 sq ft lot in Sloans Lake area*Zoned G-MU-3 and priced for land and location value*Walking distance to Cheltenham Elementary School and Sloans Lake Park*Easy access to Sports Authority Field.",,G-MU-3,SLOANS LAKE,,,,,,,,2015-12-25,87.0,2016-04-01,FAIL,FAIL,CANCEL/WITHDRAWN,,679000.0,679000.0,2016-04-04,679000.0,2016-04-04,,,,,,,,,ACTIVE,2016-05-11,,,FAIL,2016-04-27,CANCEL/WITHDRAWN,2016-04-27,CRAIG O'ROURKE,,(303) 828-8336,CRAIG@THEADVOCATETEAM.COM,KELLER WILLIAMS REALTY SUCCESS LLC,10026 W. SAN JUAN WAY #200 LITTLETON CO 80127 US,(303) 985-1901,KLRW830@KW.COM,2016-06-27,C,684567.0,5176310.0,2017-02-02,,,2016-05-11,2016-05-11,2015-12-25
143963988,4357579818,1725093997,201703282017041300252345460000000005,23045010,25234546,8584965,1169577712,02323-30-021-000,08031,SFR,,7405.0,1025.0,,,,,1952.0,,"BRICK, STUCCO",2.0,2.0,,1 NO DATA,,580.0,NONE,,,,"RARE CORNER LOT  ONLY 3 BLOCKS FROM SLOANS LAKE  Incredible development opportunity in one of Denver's hottest and vibrant neighborhoods, SLOANS LAKE! Neighboring the communities of Highlands and LoHi in Northwest Denver! Zoned GMU3, this is a rare CORNER lot with unique characteristics  larger 55ft lot width combined with alley access, providing very favorable setbacks.  Walking distance to the new SLOAN'S development, Sports Authority Field, Light Rail and of course Denver's second largest park. Only a 5 minute drive to Downtown Denver's nightlife, world class restaurants and thriving cultural scene. Don't miss your opportunity to be a part of making history in the new face of the Sloan's Lake neighborhood.",,,,DENVER 1,CHELTENHAM,LAKE INT'L,NORTH,,,,2015-12-25,361.0,2016-04-01,SOLD,SOLD,,,679000.0,679000.0,2016-04-04,679000.0,2016-04-04,595000.0,2017-03-28,596000.0,594800-595200,,,,,FAIL,2016-06-27,CANCEL/WITHDRAWN,2016-06-27,ACTIVE,2016-05-11,,,CRAIG O'ROURKE,,(303) 828-8336,CRAIG@THEADVOCATETEAM.COM,KELLER WILLIAMS REALTY SUCCESS LLC,10026 W. SAN JUAN WAY #200 LITTLETON CO 80127 US,(303) 985-1901,KLRW830@KW.COM,2017-04-13,C,684575.0,7731.0,2017-04-14,,,2017-03-28,2017-03-28,2015-12-25
152713880,4736623301,1725093997,201703282017071800252345460000000006,23045010,25234546,8584965,1097828609,02323-30-021-000,08031,VACANT LAND (NEC),,7600.0,1025.0,,,,,1952.0,,CEMENT CONCRETE,2.0,2.0,1.0,1 SPACE,,580.0,NONE,,,,"LAND LISTING ONLY!CORNER lot development opportunity on 7,600 sq ft lot in Sloans Lake area Zoned GMU3 and priced for land and location value Walking distance to Cheltenham Elementary School and Sloans Lake Park Easy access to Sports Authority Field Call listing agent for further details.",,,,DENVER 1,CHELTENHAM,LAKE INT'L,NORTH,"RANGE, REFRIGERATOR, WASHER",,,2015-12-25,361.0,2016-04-01,ACTIVE,SOLD,,,679000.0,679000.0,2016-04-04,679000.0,2016-04-04,595000.0,2017-03-28,596000.0,594800-595200,,,,,FAIL,2016-06-27,CANCEL/WITHDRAWN,2016-06-27,ACTIVE,2016-05-11,,,CRAIG O'ROURKE,,(303) 828-8336,CRAIG@THEADVOCATETEAM.COM,KELLER WILLIAMS REALTY SUCCESS LLC,10026 W. SAN JUAN WAY #200 LITTLETON CO 80127 US,(303) 985-1901,KLRW830@KW.COM,2017-07-18,C,761069.0,16609.0,2017-07-19,,,2017-03-28,2017-03-28,2015-12-25
127805347,4340915765,1725093997,201512252016011500232601040000000002,23045010,23260104,5011812,1169577712,02323-30-021-000,08031,RESIDENTIAL (NEC),RESIDENTIAL LOT,7405.0,,,,,,,,,,,,,,,,,,,"Amazing development opportunity on a corner lot that is within walking distance of Sloans Lake and light rail! The lot is a 7,600 sqft lot (57 ft front by 135 ft sides) zoned G-MU-3 and priced for the land value. Development opportunities in this area are going fast so don't miss out! Contact broker with any questions and offers, please do not disturb the homeowner. Owner will need to find replacement housing after a sale so a lease back option will make offer stronger. Information is reliable but not guaranteed.",,G-MU-3,SLOANS LAKE,,,,,,,,2015-07-25,21.0,2015-12-25,FAIL,FAIL,CANCEL/WITHDRAWN,,685000.0,685000.0,2015-12-28,685000.0,2015-12-28,,,,,,,,,ACTIVE,2015-12-28,,,,,,,RAMON C. BARGAS,3480 W 38TH AVE DENVER CO 80211 US,(720) 234-5134,RAMON@RAZRGOUP.COM,LUCERO REAL ESTATE,3480 W 38TH AVE DENVER CO 80211 US,(303) 458-0100,LUCEROTEAM@LUCEROREALESTATE.COM,2016-05-26,C,684567.0,5169624.0,2017-02-02,,,2015-12-28,2015-12-28,2015-07-25
227475742,7207633336,1725094048,201901102019022000556682870000000013,23045062,55668287,8703062,1137579391,02323-31-014-000,08031,"CONDOMINIUM, INCOME, INDUSTRIAL, SFR, TOWN HOUSE / DUPLEX",,3920.0,1393.0,"OTHER-RANCH/1 STORY, PAIRED/DUPLEX (1 UNIT), RANCH/1 STORY","FORCED AIR, GAS",,1.000000000000000,1910.0,"ROLLED, ROLLED ROOFING",BRICK,4.0,2.0,2.0,"CARPORT (0), GARAGE (2), GARAGE (DETACHED), GARAGE (DETACHED) (2 SPACES), UNCOVERED (0)",,445.0,NONE,"DOUBLE PANE WINDOWS, DOUBLE PANE WINDOWS REMODELED UPDATED, REMODELED, UPDATED","PORCH, YARD",FENCE,,,U-TU-C,,DENVER 1,CHELTENHAM,"LAKE INT'L, STRIVE LAKE",NORTH,"DISHWASHER, DISHWASHER DISPOSAL DRYER MICROWAVE OVEN REFRIGERATOR (KITCHEN) STOVE/RANGE/OVEN WASHER, DRYER, GARBAGE DISPOSER, MICROWAVE OVEN, REFRIGERATOR (KITCHEN), SMOKE ALARM, STOVE/RANGE/OVEN, WASHER",,PUBLIC,2019-01-10,41.0,2019-01-10,ACTIVE,ACTIVE,,,620000.0,,,,,,,,,,,,,,,,,,,,,DANELLE MORGAN,,(303) 394-4526,DANELLE@NPRECO.COM,PORCHLIGHT REAL ESTATE GROUP,,,,2019-02-20,A,1191440.0,50008.0,2019-02-21,1.0,,2019-02-21,,2019-01-10
224728930,7140020212,1725094048,201901102019012500556682870000000009,23045062,55668287,8703062,1137579391,02323-31-014-000,08031,"CONDOMINIUM, INCOME, INDUSTRIAL, SFR, TOWN HOUSE / DUPLEX",,3920.0,1393.0,"OTHER-RANCH/1 STORY, PAIRED/DUPLEX (1 UNIT), RANCH/1 STORY","FORCED AIR, GAS",,1.000000000000000,1910.0,"ROLLED, ROLLED ROOFING",BRICK,4.0,2.0,2.0,"CARPORT (0), GARAGE (2), GARAGE (DETACHED), GARAGE (DETACHED) (2 SPACES), UNCOVERED (0)",,445.0,NONE,"DOUBLE PANE WINDOWS, DOUBLE PANE WINDOWS REMODELED UPDATED, REMODELED, UPDATED","PORCH, YARD",FENCE,,,U-TU-C,,DENVER 1,CHELTENHAM,"LAKE INT'L, STRIVE LAKE",NORTH,"DISHWASHER, DISHWASHER DISPOSAL DRYER MICROWAVE OVEN REFRIGERATOR (KITCHEN) STOVE/RANGE/OVEN WASHER, DRYER, GARBAGE DISPOSER, MICROWAVE OVEN, REFRIGERATOR (KITCHEN), SMOKE ALARM, STOVE/RANGE/OVEN, WASHER",,PUBLIC,2019-01-10,26.0,2019-01-10,ACTIVE,ACTIVE,,,620000.0,620000.0,2019-01-11,620000.0,2019-01-11,,,,,,,,,,,,,,,,,DANELLE MORGAN,,(303) 394-4526,DANELLE@NPRECO.COM,PORCHLIGHT REAL ESTATE GROUP,,,,2019-02-05,C,1180087.0,65691.0,2019-02-06,1.0,,2019-02-06,,2019-01-10
226429176,7173943677,1725094048,201901102019021400556682870000000012,23045062,55668287,8703062,1137579391,02323-31-014-000,08031,"CONDOMINIUM, INCOME, INDUSTRIAL, SFR, TOWN HOUSE / DUPLEX",,3920.0,1393.0,"OTHER-RANCH/1 STORY, PAIRED/DUPLEX (1 UNIT), RANCH/1 STORY","FORCED AIR, GAS",,1.000000000000000,1910.0,"ROLLED, ROLLED ROOFING",BRICK,4.0,2.0,2.0,"CARPORT (0), GARAGE (2), GARAGE (DETACHED), GARAGE (DETACHED) (2 SPACES), UNCOVERED (0)",,427.0,NONE,"DOUBLE PANE WINDOWS, DOUBLE PANE WINDOWS REMODELED UPDATED, REMODELED, UPDATED","PORCH, YARD",FENCE,,,U-TU-C,,DENVER 1,CHELTENHAM,"LAKE INT'L, STRIVE LAKE",NORTH,"DISHWASHER, DISHWASHER DISPOSAL DRYER MICROWAVE OVEN REFRIGERATOR (KITCHEN) STOVE/RANGE/OVEN WASHER, DRYER, GARBAGE DISPOSER, MICROWAVE OVEN, REFRIGERATOR (KITCHEN), SMOKE ALARM, STOVE/RANGE/OVEN, WASHER",,PUBLIC,2019-01-10,35.0,2019-01-10,ACTIVE,ACTIVE,,,595000.0,,,,,,,,,,,,,,,,,,,,,DANELLE MORGAN,,(303) 394-4526,DANELLE@NPRECO.COM,PORCHLIGHT REAL ESTATE GROUP,,,,2019-02-14,A,1186043.0,143205.0,2019-02-15,1.0,,2019-02-15,,2019-01-10
226042916,7170721289,1725094048,201901102019021200556682870000000010,23045062,55668287,8703062,1137579391,02323-31-014-000,08031,"CONDOMINIUM, INCOME, INDUSTRIAL, SFR, TOWN HOUSE / DUPLEX",,3920.0,1393.0,"OTHER-RANCH/1 STORY, PAIRED/DUPLEX (1 UNIT), RANCH/1 STORY","FORCED AIR, GAS",,1.000000000000000,1910.0,"ROLLED, ROLLED ROOFING",BRICK,4.0,2.0,2.0,"CARPORT (0), GARAGE (2), GARAGE (DETACHED), GARAGE (DETACHED) (2 SPACES), UNCOVERED (0)",,427.0,NONE,"DOUBLE PANE WINDOWS, DOUBLE PANE WINDOWS REMODELED UPDATED, REMODELED, UPDATED","PORCH, YARD",FENCE,,,U-TU-C,,DENVER 1,CHELTENHAM,"LAKE INT'L, STRIVE LAKE",NORTH,"DISHWASHER, DISHWASHER DISPOSAL DRYER MICROWAVE OVEN REFRIGERATOR (KITCHEN) STOVE/RANGE/OVEN WASHER, DRYER, GARBAGE DISPOSER, MICROWAVE OVEN, REFRIGERATOR (KITCHEN), SMOKE ALARM, STOVE/RANGE/OVEN, WASHER",,PUBLIC,2019-01-10,33.0,2019-01-10,ACTIVE,ACTIVE,,,595000.0,,,,,,,,,,,,,,,,,,,,,DANELLE MORGAN,,(303) 394-4526,DANELLE@NPRECO.COM,PORCHLIGHT REAL ESTATE GROUP,,,,2019-02-12,A,1185783.0,36158.0,2019-02-13,1.0,,2019-02-13,,2019-01-10
228574232,7239932208,1725094048,201901102019022800556682870000000017,23045062,55668287,8703062,1137579391,02323-31-014-000,08031,"CONDOMINIUM, INCOME, INDUSTRIAL, SFR, TOWN HOUSE / DUPLEX",,3920.0,1393.0,"DUPLEX, OTHER-RANCH/1 STORY, PAIRED/DUPLEX (1 UNIT), RANCH/1 STORY","FORCED AIR, GAS",,1.000000000000000,1910.0,"ROLLED, ROLLED ROOF, ROLLED ROOFING",BRICK,4.0,2.0,2.0,"1 CAR PARKING, CARPORT (0), GARAGE (2), GARAGE (DETACHED), GARAGE (DETACHED) (2 SPACES), UNCOVERED (0)",,427.0,NONE,"DOUBLE PANE WINDOWS, DOUBLE PANE WINDOWS REMODELED UPDATED, REMODELED, UPDATED","PORCH, YARD",FENCE,,,U-TU-C,,DENVER 1,CHELTENHAM,"LAKE INT'L, STRIVE LAKE",NORTH,"DISHWASHER, DISHWASHER DISPOSAL DRYER LAUNDRY HOOK-UP MICROWAVE RANGE/OVEN REFRIGERATOR WASHER, DISHWASHER DISPOSAL DRYER MICROWAVE OVEN REFRIGERATOR (KITCHEN) STOVE/RANGE/OVEN WASHER, DRYER, GARBAGE DISPOSER, MICROWAVE OVEN, REFRIGERATOR (KITCHEN), SMOKE",,PUBLIC,2019-01-10,49.0,2019-01-10,ACTIVE,PENDING,UNDER CONTRACT,,595000.0,620000.0,2019-02-28,620000.0,2019-02-28,,,,,-25000.0,2019-02-28,,,FAIL,2019-02-28,,,ACTIVE,2019-02-28,,,DANELLE MORGAN,,(303) 394-4526,DANELLE@NPRECO.COM,PORCHLIGHT REAL ESTATE GROUP,,,,2019-02-28,A,1197300.0,48480.0,2019-03-01,1.0,,2019-03-01,,2019-01-10
226220145,7172342713,1725094048,201901102019021300556682870000000011,23045062,55668287,8703062,1137579391,02323-31-014-000,08031,"CONDOMINIUM, INCOME, INDUSTRIAL, SFR, TOWN HOUSE / DUPLEX",,3920.0,1393.0,"OTHER-RANCH/1 STORY, PAIRED/DUPLEX (1 UNIT), RANCH/1 STORY","FORCED AIR, GAS",,1.000000000000000,1910.0,"ROLLED, ROLLED ROOFING",BRICK,4.0,2.0,2.0,"CARPORT (0), GARAGE (2), GARAGE (DETACHED), GARAGE (DETACHED) (2 SPACES), UNCOVERED (0)",,427.0,NONE,"DOUBLE PANE WINDOWS, DOUBLE PANE WINDOWS REMODELED UPDATED, REMODELED, UPDATED","PORCH, YARD",FENCE,,,U-TU-C,,DENVER 1,CHELTENHAM,"LAKE INT'L, STRIVE LAKE",NORTH,"DISHWASHER, DISHWASHER DISPOSAL DRYER MICROWAVE OVEN REFRIGERATOR (KITCHEN) STOVE/RANGE/OVEN WASHER, DRYER, GARBAGE DISPOSER, MICROWAVE OVEN, REFRIGERATOR (KITCHEN), SMOKE ALARM, STOVE/RANGE/OVEN, WASHER",,PUBLIC,2019-01-10,34.0,2019-01-10,ACTIVE,ACTIVE,,,595000.0,,,,,,,,,,,,,,,,,,,,,DANELLE MORGAN,,(303) 394-4526,DANELLE@NPRECO.COM,PORCHLIGHT REAL ESTATE GROUP,838 BROADWAY DENVER CO 80203 US,(303) 733-5335,INFO@PORCHLIGHTGROUP.COM,2019-02-13,A,1185913.0,56660.0,2019-02-14,1.0,,2019-02-14,,2019-01-10
136150345,4349353889,1725094048,201406252014071800134648810000000001,23045062,13464881,,1169577680,02323-31-014-000,08031,MULTI FAMILY DWELLING,,3900.0,1392.0,,,,1,1910.0,,BRICK VENEER,2.0,,2.0,CARPORT,,158.0,,,,,"1515 King St This MultiFamily Home located at 1515 King Street, Denver CO sold on Jun 25, 2014. 1515 King St has 2 beds and approximately 1,392 square feet. The property has a lot size of 3,900 sqft and was built in 1910. The average listing price for similar homes for sale is $506,447 and the average sales price for similar recently sold homes is $441,913. 1515 King St is in the West Colfax neighborhood in Denver, CO. The average price per square foot for homes for sale in West Colfax is $263.",,,CHELTENHAM HEIGHTS,,,,,,,,1900-01-01,,,SOLD,SOLD,,,,,2014-07-18,,2014-07-18,220000.0,2014-06-25,221000.0,219800-220200,,,,,,,,,,,,,,,,,,,,,2016-05-23,A,684567.0,5176599.0,2017-02-02,,,2014-06-25,2014-06-25,2016-05-23
230278215,7303142753,1725094048,201901102019030800556682870000000019,23045062,55668287,8703062,1137579391,02323-31-014-000,08031,"CONDOMINIUM, INCOME, INDUSTRIAL, MULTI FAMILY DWELLING, SFR, TOWN HOUSE / DUPLEX",,3920.0,1393.0,"DUPLEX, OTHER-RANCH/1 STORY, PAIRED/DUPLEX (1 UNIT), RANCH/1 STORY","FORCED AIR, GAS",,1.000000000000000,1910.0,"ROLLED, ROLLED ROOF, ROLLED ROOFING",BRICK,4.0,2.0,2.0,"1 CAR PARKING, CARPORT (0), GARAGE (2), GARAGE (DETACHED), GARAGE (DETACHED) (2 SPACES), UNCOVERED (0)",,427.0,NONE,"DOUBLE PANE WINDOWS, DOUBLE PANE WINDOWS REMODELED UPDATED, REMODELED, UPDATED","PORCH, YARD",FENCE,,,U-TU-C,,DENVER 1,CHELTENHAM,"LAKE INT'L, STRIVE LAKE",NORTH,"DISHWASHER, DISHWASHER DISPOSAL DRYER LAUNDRY HOOK-UP MICROWAVE RANGE/OVEN REFRIGERATOR WASHER, DISHWASHER DISPOSAL DRYER MICROWAVE OVEN REFRIGERATOR (KITCHEN) SMOKE ALARM STOVE/RANGE/OVEN WASHER, DISHWASHER DISPOSAL DRYER MICROWAVE OVEN REFRIGERATOR (KIT",,PUBLIC,2019-01-10,57.0,2019-01-10,ACTIVE,FAIL,,,595000.0,620000.0,2019-03-08,620000.0,2019-03-08,,,,,-25000.0,2019-03-08,,,ACTIVE,2019-03-08,,,,,,,DANELLE MORGAN,,(303) 394-4526,DANELLE@NPRECO.COM,PORCHLIGHT REAL ESTATE GROUP,838 BROADWAY DENVER CO 80203 US,(303) 733-5335,INFO@PORCHLIGHTGROUP.COM,2019-03-08,A,1208349.0,203433.0,2019-03-11,1.0,,2019-03-08,2019-03-08,2019-01-10
248097997,7668305645,1725097990,201905252019061200659731630000000006,23049014,65973163,9286944,1097788119,05035-13-014-000,08031,SFR,,1742.0,866.0,OTHER-RANCH/1 STORY,"FORCED AIR, GAS",AIR CONDITIONING-CENTRAL,1.000000000000000,1909.0,ROLLED ROOFING,"BRICK, FRAME, STUCCO",2.0,1.0,,NONE (0 SPACES),,404.0,,"CABLE AVAILABLE, FULLY FURNISHED",,,,LEVEL/FLAT,C-MX-5,,DENVER 1,GREENLEE,COMPASS ACADEMY,WEST,"DISHWASHER, DRYER, GARBAGE DISPOSER, MICROWAVE OVEN, REFRIGERATOR (KITCHEN), SMOKE ALARM, STOVE/RANGE/OVEN, WASHER",,PUBLIC,2019-05-25,18.0,2019-05-25,UNKNOWN,UNKNOWN,,,349900.0,,,,,,,,,,,,,,,,,,,,,HASAN AL-MABUK,,(319) 504-2623,,RESIDENT REALTY SOUTH METRO,,,,2019-06-12,A,1284390.0,115318.0,2019-06-13,1.0,,2019-05-25,2019-06-12,2019-05-25
249551426,7692548251,1725097990,201905252019062000659731630000000007,23049014,65973163,9286944,1097788119,05035-13-014-000,08031,SFR,,1742.0,866.0,"OTHER-RANCH/1 STORY, RANCH/1 STORY","FORCED AIR, GAS",AIR CONDITIONING-CENTRAL,1.000000000000000,1909.0,ROLLED ROOFING,"BRICK, FRAME, STUCCO",2.0,1.0,,NONE (0 SPACES),,404.0,,"CABLE AVAILABLE, CABLE AVAILABLE FULLY FURNISHED, FULLY FURNISHED",,,,LEVEL/FLAT,C-MX-5,,DENVER 1,GREENLEE,COMPASS ACADEMY,WEST,"DISHWASHER, DISHWASHER DISPOSAL DRYER MICROWAVE OVEN REFRIGERATOR (KITCHEN) SMOKE ALARM STOVE/RANGE/OVEN WASHER, DRYER, GARBAGE DISPOSER, MICROWAVE OVEN, REFRIGERATOR (KITCHEN), SMOKE ALARM, STOVE/RANGE/OVEN, WASHER",,PUBLIC,2019-05-25,26.0,2019-05-25,UNKNOWN,UNKNOWN,,,349900.0,,,,,,,,,,,,,,,,,,,,,HASAN AL-MABUK,,(319) 504-2623,,RESIDENT REALTY SOUTH METRO,,,,2019-06-20,A,1290405.0,104216.0,2019-06-21,1.0,,2019-05-25,2019-06-20,2019-05-25
247865609,7666608722,1725097990,201905252019060400659731630000000005,23049014,65973163,9286944,1097788119,05035-13-014-000,08031,SFR,,1742.0,866.0,RANCH/1 STORY,FORCED AIR,AIR CONDITIONING-CENTRAL,1.000000000000000,1909.0,ROLLED ROOFING,STUCCO,2.0,1.0,,NONE (0 SPACES),,404.0,,CABLE AVAILABLE FULLY FURNISHED,,,,LEVEL/FLAT,C-MX-5,,DENVER 1,GREENLEE,COMPASS ACADEMY,WEST,"DISHWASHER, DRYER, GARBAGE DISPOSER, MICROWAVE OVEN, REFRIGERATOR (KITCHEN), SMOKE ALARM, STOVE/RANGE/OVEN, WASHER",,PUBLIC,2019-05-25,10.0,2019-05-25,UNKNOWN,FAIL,,,349900.0,,,,,,,,,,,,,UNKNOWN,2019-06-04,,,,,,,HASAN AL-MABUK,,(319) 504-2623,,RESIDENT REALTY SOUTH METRO,,,,2019-06-04,A,1278532.0,125477.0,2019-06-05,1.0,,2019-06-04,2019-06-04,2019-05-25
251108255,7734186403,1725097990,201906172019062000659731630000000008,23049014,65973163,9286944,1097788119,05035-13-014-000,08031,SFR,,1742.0,866.0,"OTHER-RANCH/1 STORY, RANCH/1 STORY","FORCED AIR, GAS",AIR CONDITIONING-CENTRAL,1.000000000000000,1909.0,ROLLED ROOFING,"BRICK, FRAME, STUCCO",2.0,1.0,,NONE (0 SPACES),,413.0,,"CABLE AVAILABLE, CABLE AVAILABLE FULLY FURNISHED, FULLY FURNISHED",,,,LEVEL/FLAT,C-MX-5,,DENVER 1,GREENLEE,COMPASS ACADEMY,WEST,"DISHWASHER, DISHWASHER DISPOSAL DRYER MICROWAVE OVEN REFRIGERATOR (KITCHEN) SMOKE ALARM STOVE/RANGE/OVEN WASHER, DRYER, GARBAGE DISPOSER, MICROWAVE OVEN, REFRIGERATOR (KITCHEN), SMOKE ALARM, STOVE/RANGE/OVEN, WASHER",,PUBLIC,2019-05-25,23.0,2019-05-25,UNKNOWN,SOLD,,,349900.0,,,,,358000.0,2019-06-17,359000.0,357800-358200,,,,,,,,,,,,,HASAN AL-MABUK,,(319) 504-2623,,RESIDENT REALTY SOUTH METRO,,,,2019-06-26,A,1295998.0,104815.0,2019-06-27,1.0,,2019-06-17,2019-06-17,2019-05-25
244375693,7614511899,1725097990,201905252019052700659731630000000003,23049014,65973163,9286944,1097788119,05035-13-014-000,08031,SFR,,1742.0,866.0,RANCH/1 STORY,FORCED AIR,AIR CONDITIONING-CENTRAL,1.000000000000000,1909.0,ROLLED ROOFING,"BRICK FRAME, STUCCO",2.0,1.0,,"CARPORT (0), GARAGE (0), UNCOVERED (0)",,404.0,,CABLE AVAILABLE FULLY FURNISHED,,,,LEVEL/FLAT,C-MX-5,,DENVER 1,GREENLEE,COMPASS ACADEMY,WEST,DISHWASHER DISPOSAL DRYER MICROWAVE OVEN REFRIGERATOR (KITCHEN) SMOKE ALARM STOVE/RANGE/OVEN WASHER,,PUBLIC,2019-05-25,2.0,2019-05-25,UNKNOWN,ACTIVE,,,349900.0,349900.0,2019-05-26,349900.0,2019-05-26,,,,,,,,,UNKNOWN,2019-05-27,,,,,,,HASAN AL-MABUK,,(319) 504-2623,,RESIDENT REALTY SOUTH METRO,,,,2019-05-27,C,1272785.0,252919.0,2019-05-28,1.0,,2019-05-28,,2019-05-25
206583360,6661132866,1725099675,201801092018102100449535450000000007,23050683,44953545,3618347,1097818064,05052-10-004-000,08031,VACANT LAND / LOTS,,12632.0,1352.0,,,,,,,,,,,1 PARKING SPACES,,814.0,,,,,"Amazing development opportunity to build a MultiUnit 5 (GMU5) project with a maximum height of five stories and access to alley. Feasibility Study plans show the option to build 31 apartment units with ground level parking totaling 5 stories. GREAT LOCATION! This unique double lot site is situated one block from Knox FasTracks West Line Lightrail station, close proximity to Sloan's Lake, Sports Authority Field, and Downtown Denver.",NEAR PUBLIC TRANSIT,G-MU-5,,DENVER 1,,,,,,PUBLIC,2018-01-09,286.0,2018-01-09,ACTIVE,ACTIVE,,,1100000.0,1100000.0,2018-09-30,998000.0,2018-07-17,,,,,101000.0,2018-10-20,-101000.0,2018-09-30,FAIL,2018-07-17,,,ACTIVE,2018-01-17,,,BLUE MATCH,,(877) 279-1394,,BLUEMATCH,,,,2018-10-21,C,1096785.0,193378.0,2018-10-23,1.0,,2018-10-23,,2018-01-09
229604481,7263810063,1725099675,201801092019030500449535450000000014,23050683,44953545,3618347,1097818064,05052-10-004-000,08031,RESIDENTIAL LOT,,12632.0,1352.0,,,,,,,,,,,1 PARKING SPACES,,739.0,,,,,Amazing development opportunity to build a MultiUnit 5 (GMU5) project with a maximum height of five stories and access to alley. Feasibility Study plans show the option to build 31 apartment units with ground level parking totaling 5 stories. GREAT LOCATI,LEVEL/FLAT,G-MU-5,,DENVER 1,,,,,,PUBLIC,2018-01-09,420.0,2018-01-09,ACTIVE,ACTIVE,,,999000.0,975000.0,2019-03-05,975000.0,2019-03-05,,,,,24000.0,2019-03-05,,,,,,,,,,,BLUE MATCH,,(877) 279-1394,,BLUEMATCH,,,,2019-03-05,A,1202988.0,26812.0,2019-03-06,1.0,,2019-03-06,,2018-01-09
225722337,7168974666,1725099675,201801092019020900449535450000000010,23050683,44953545,3618347,1097818064,05052-10-004-000,08031,RESIDENTIAL LOT,,12632.0,1352.0,,,,,,,,,,,1 PARKING SPACES,,721.0,,,,,"Amazing development opportunity to build a MultiUnit 5 (GMU5) project with a maximum height of five stories and access to alley. Feasibility Study plans show the option to build 31 apartment units with ground level parking totaling 5 stories. GREAT LOCATION! This unique double lot site is situated one block from Knox FasTracks West Line Lightrail station, close proximity to Sloan's Lake, Sports Authority Field, and Downtown Denver.",LEVEL/FLAT,G-MU-5,,DENVER 1,,,,,,PUBLIC,2018-01-09,398.0,2018-01-09,ACTIVE,ACTIVE,,,975000.0,,,,,,,,,,,,,,,,,,,,,BLUE MATCH,,(877) 279-1394,,BLUEMATCH,,,,2019-02-09,A,1185654.0,186555.0,2019-02-12,1.0,,2019-02-12,,2018-01-09
267011366,8016444025,1725099675,201801092019082800449535450000000024,23050683,44953545,3618347,1097818064,05052-10-004-000,08031,VACANT LAND (NEC),,12632.0,1352.0,,,,,,,,,,,1 PARKING SPACES,,739.0,,,,,Amazing development opportunity to build a MultiUnit 5 (GMU5) project with a maximum height of five stories and access to alley. Feasibility Study plans show the option to build 31 apartment units with ground level parking totaling 5 stories. GREAT LOCATI,NEAR PUBLIC TRANSIT,G-MU-5,,DENVER 1,,,,,,PUBLIC,2018-01-09,596.0,2018-01-09,ACTIVE,ACTIVE,,,999000.0,999000.0,2018-01-17,999000.0,2018-01-17,,,,,,,,,,,,,,,,,MARITZA TORRES,,(877) 279-1394,,BLUEMATCH,,,,2019-08-28,A,1350244.0,47019.0,2019-08-29,,,2019-08-29,,2018-01-09
240755536,7548127827,1725099675,201801092019050800449535450000000016,23050683,44953545,3618347,1097818064,05052-10-004-000,08031,RESIDENTIAL LOT,,12632.0,1352.0,,,,,,,,,,,1 PARKING SPACES,,665.0,,,,,Amazing development opportunity to build a MultiUnit 5 (GMU5) project with a maximum height of five stories and access to alley. Feasibility Study plans show the option to build 31 apartment units with ground level parking totaling 5 stories. GREAT LOCATI,LEVEL/FLAT,G-MU-5,,DENVER 1,,,,,,PUBLIC,2018-01-09,484.0,2018-01-09,ACTIVE,ACTIVE,,,899000.0,,,,,,,,,,,,,,,,,,,,,BLUE MATCH,,(877) 279-1394,,BLUEMATCH,,,,2019-05-08,A,1255226.0,18775.0,2019-05-09,1.0,,2019-05-09,,2018-01-09
265466997,7990659944,1725099675,201901312019082100766471040000000002,23050683,76647104,7665052,1097818064,05052-10-004-000,08031,VACANT LAND (NEC),,12632.0,,,,,,,,,,,,1 PARKING SPACES,,,,,,,,NEAR PUBLIC TRANSIT,G-MU-5,,DENVER 1,,,,,,PUBLIC,2019-01-31,202.0,2019-01-31,ACTIVE,ACTIVE,,,975000.0,1590000.0,2019-08-21,975000.0,2019-08-21,,,,,-615000.0,2019-08-21,,,,,,,,,,,MARITZA TORRES,,(877) 279-1394,,LIV SOTHEBY'S INTERNATIONAL REALTY,,,,2019-08-21,A,1344358.0,28252.0,2019-08-22,1.0,,2019-08-22,,2019-01-31
207776462,6720605413,1725099675,201801092018102900449535450000000008,23050683,44953545,3618347,1097818064,05052-10-004-000,08031,VACANT LAND / LOTS,,12632.0,1352.0,,,,,,,,,,,1 PARKING SPACES,,739.0,,,,,"Amazing development opportunity to build a MultiUnit 5 (GMU5) project with a maximum height of five stories and access to alley. Feasibility Study plans show the option to build 31 apartment units with ground level parking totaling 5 stories. GREAT LOCATION! This unique double lot site is situated one block from Knox FasTracks West Line Lightrail station, close proximity to Sloan's Lake, Sports Authority Field, and Downtown Denver.",NEAR PUBLIC TRANSIT,G-MU-5,,DENVER 1,,,,,,PUBLIC,2018-01-09,293.0,2018-01-09,ACTIVE,FAIL,,,999000.0,1100000.0,2018-09-30,998000.0,2018-07-17,,,,,-101000.0,2018-10-21,101000.0,2018-10-20,ACTIVE,2018-10-21,,,FAIL,2018-07-17,,,BLUE MATCH,,(877) 279-1394,,BLUEMATCH,,,,2018-10-29,C,1102276.0,21680.0,2018-10-30,1.0,,2018-10-21,2018-10-21,2018-01-09
201121359,6498788627,1725099675,201801092018092200449535450000000004,23050683,44953545,3618347,1097818064,05052-10-004-000,08031,VACANT LOT,,12632.0,1352.0,,,,,,,,,,,1 PARKING SPACES,,814.0,,,,,"Amazing development opportunity to build a MultiUnit 5 (GMU5) project with a maximum height of five stories and access to alley. Feasibility Study plans show the option to build 31 apartment units with ground level parking totaling 5 stories. GREAT LOCATION! This unique double lot site is situated one block from Knox FasTracks West Line Lightrail station, close proximity to Sloan's Lake, Sports Authority Field, and Downtown Denver.",12440.00,G-MU-5,,DENVER 1,,,,,,PUBLIC WATER SERVICE,2018-01-09,258.0,2018-01-09,ACTIVE,ACTIVE,,,1100000.0,1100000.0,2018-07-17,998000.0,2018-07-17,,,,,102000.0,2018-07-17,,,FAIL,2018-07-17,,,ACTIVE,2018-01-17,,,BLUE MATCH,,(877) 279-1394,,BLUEMATCH,,,,2018-09-22,C,1071660.0,104659.0,2018-09-25,1.0,,2018-09-25,,2018-01-09
257552796,7841146963,1725099675,201801092019071900449535450000000020,23050683,44953545,3618347,1097818064,05052-10-004-000,08031,VACANT LAND (NEC),,12632.0,1352.0,,,,,,,,,,,1 PARKING SPACES,,635.0,,,,,Amazing development opportunity to build a MultiUnit 5 (GMU5) project with a maximum height of five stories and access to alley. Feasibility Study plans show the option to build 31 apartment units with ground level parking totaling 5 stories. GREAT LOCATI,LEVEL/FLAT,G-MU-5,,DENVER 1,,,,,,PUBLIC,2018-01-09,556.0,2018-01-09,ACTIVE,ACTIVE,,,859000.0,,,,,,,,,,,,,,,,,,,,,BLUE MATCH,,(877) 279-1394,,BLUEMATCH,,,,2019-07-19,A,1319743.0,62017.0,2019-07-22,1.0,,2019-07-22,,2018-01-09
168752767,5572898240,1725099675,201801092018011700449535450000000001,23050683,44953545,3618347,1097818064,05052-10-004-000,08031,RESIDENTIAL (NEC),VACANT LAND (NEC),12632.0,1352.0,,,,,,,,,,,,,738.0,,,,,"Amazing development opportunity to build a MultiUnit 5 (GMU5) project with a maximum height of five stories and access to alley. Feasibility Study plans show the option to build 31 apartment units with ground level parking totaling 5 stories. GREAT LOCATION! This unique double lot site is situated one block from Knox FasTracks West Line Lightrail station, close proximity to Sloan's Lake, Sports Authority Field, and Downtown Denver.",,,,,,,,,,,2018-01-09,8.0,2018-01-09,ACTIVE,ACTIVE,,,998000.0,998000.0,2018-01-17,998000.0,2018-01-17,,,,,,,,,,,,,,,,,,,,,,,,,2018-01-17,A,887121.0,16033.0,2018-01-18,1.0,,2018-01-18,,2018-01-09
135750782,4348950159,1725099675,201205222014101000012962750000000015,23050683,1296275,1095463,1169606124,05052-10-004-000,08031,RESIDENTIAL (NEC),RESIDENTIAL LOT,12197.0,,,,,,,,,,,,,,,,,,,"TRANSPORTATION PLAY. 1.5 BLOCKS FROM NEW WEST LIGHT RAIL LINE AND KNOX CT STATION. UP TO 5 STORY MULTI-FAMILY BUILDING HIGH ON A HILL WITH WEST BY S/W VIEWS FROM UPPER LEVELS. 1/2 BLOCK FROM SANCHEZ PARK, MINUTES FROM DOWNTOWN",,G-MU-5,MAPLE GROVE,,CHELTENHAM,LAKE INT'L,NORTH,,,,2012-05-22,871.0,2012-05-22,FAIL,FAIL,,,295000.0,295000.0,2013-05-10,295000.0,2013-05-10,,,,,,,,,ACTIVE,2014-05-09,CANCEL/WITHDRAWN,2014-04-25,FAIL,2014-04-25,,,CHRIS LAMEE,,(303) 573-5573,CHRIS@BANYANREALESTATE.COM,,,,,2016-07-07,C,684567.0,5148379.0,2017-02-02,,,2014-05-09,2014-05-09,2012-05-22
227977667,7235210520,1725099675,201801092019022500449535450000000012,23050683,44953545,3618347,1097818064,05052-10-004-000,08031,VACANT LAND / LOTS,,12632.0,1352.0,,,,,,,,,,,1 PARKING SPACES,,721.0,,,,,Amazing development opportunity to build a MultiUnit 5 (GMU5) project with a maximum height of five stories and access to alley. Feasibility Study plans show the option to build 31 apartment units with ground level parking totaling 5 stories. GREAT LOCATI,NEAR PUBLIC TRANSIT,G-MU-5,,DENVER 1,,,,,,PUBLIC,2018-01-09,412.0,2018-01-09,ACTIVE,ACTIVE,,,975000.0,999000.0,2019-02-25,999000.0,2019-02-25,,,,,-24000.0,2019-02-25,,,,,,,,,,,BLUE MATCH,,(877) 279-1394,,BLUEMATCH,,,,2019-02-25,A,1196903.0,61885.0,2019-02-26,1.0,,2019-02-26,,2018-01-09
187648032,6203117690,1725099675,201801092018011700449535450000000002,23050683,44953545,3618347,1097818064,05052-10-004-000,08031,RESIDENTIAL (NEC),VACANT LAND (NEC),12632.0,1352.0,,,,,,,,,,,,,738.0,,,,,"Amazing development opportunity to build a MultiUnit 5 (GMU5) project with a maximum height of five stories and access to alley. Feasibility Study plans show the option to build 31 apartment units with ground level parking totaling 5 stories. GREAT LOCATION! This unique double lot site is situated one block from Knox FasTracks West Line Lightrail station, close proximity to Sloan's Lake, Sports Authority Field, and Downtown Denver.",,,,,,,,,,,2018-01-09,189.0,2018-01-09,ACTIVE,FAIL,,,998000.0,998000.0,2018-01-17,998000.0,2018-01-17,,,,,,,,,ACTIVE,2018-01-17,,,,,,,,,,,,,,,2018-07-17,A,1020726.0,31397.0,2018-07-18,1.0,,2018-01-17,2018-01-17,2018-01-09
265233821,7988973507,1725099675,201801092019082000449535450000000022,23050683,44953545,3618347,1097818064,05052-10-004-000,08031,VACANT LAND (NEC),,12632.0,1352.0,,,,,,,,,,,1 PARKING SPACES,,739.0,,,,,Amazing development opportunity to build a MultiUnit 5 (GMU5) project with a maximum height of five stories and access to alley. Feasibility Study plans show the option to build 31 apartment units with ground level parking totaling 5 stories. GREAT LOCATI,NEAR PUBLIC TRANSIT,G-MU-5,,DENVER 1,,,,,,PUBLIC,2018-01-09,588.0,2018-01-09,ACTIVE,ACTIVE,,,999000.0,999000.0,2019-08-20,975000.0,2019-08-20,,,,,24000.0,2019-08-20,,,,,,,,,,,BLUE MATCH,,(877) 279-1394,,BLUEMATCH,,,,2019-08-20,A,1344211.0,38238.0,2019-08-21,1.0,,2019-08-21,,2018-01-09
267015098,8016447757,1725099675,201901312019082800766471040000000004,23050683,76647104,7665052,1097818064,05052-10-004-000,08031,VACANT LAND (NEC),,12632.0,,,,,,,,,,,,1 PARKING SPACES,,,,,,,,NEAR PUBLIC TRANSIT,G-MU-5,,DENVER 1,,,,,,PUBLIC,2019-01-31,209.0,2019-01-31,ACTIVE,ACTIVE,,,975000.0,1590000.0,2019-08-28,975000.0,2019-08-28,,,,,-615000.0,2019-08-28,,,,,,,,,,,MARITZA TORRES,,(877) 279-1394,,BLUEMATCH,,,,2019-08-28,A,1350244.0,50751.0,2019-08-29,1.0,,2019-08-29,,2019-01-31
224054940,7137690017,1725099675,201801092019020100449535450000000009,23050683,44953545,3618347,1097818064,05052-10-004-000,08031,RESIDENTIAL LOT,,12632.0,1352.0,,,,,,,,,,,1 PARKING SPACES,,739.0,,,,,"Amazing development opportunity to build a MultiUnit 5 (GMU5) project with a maximum height of five stories and access to alley. Feasibility Study plans show the option to build 31 apartment units with ground level parking totaling 5 stories. GREAT LOCATION! This unique double lot site is situated one block from Knox FasTracks West Line Lightrail station, close proximity to Sloan's Lake, Sports Authority Field, and Downtown Denver.",LEVEL/FLAT,G-MU-5,,DENVER 1,,,,,,PUBLIC,2018-01-09,388.0,2018-01-09,ACTIVE,ACTIVE,,,999000.0,1100000.0,2018-09-30,998000.0,2018-07-17,,,,,-101000.0,2018-10-21,101000.0,2018-10-20,FAIL,2018-10-29,,,ACTIVE,2018-10-21,,,BLUE MATCH,,(877) 279-1394,,BLUEMATCH,,,,2019-02-01,C,1179956.0,312017.0,2019-02-04,1.0,,2019-02-04,,2018-01-09
202563647,6530202788,1725099675,201801092018093000449535450000000005,23050683,44953545,3618347,1097818064,05052-10-004-000,08031,VACANT LAND (NEC),,12632.0,1352.0,,,,,,,,,,,1 PARKING SPACES,,814.0,,,,,"Amazing development opportunity to build a MultiUnit 5 (GMU5) project with a maximum height of five stories and access to alley. Feasibility Study plans show the option to build 31 apartment units with ground level parking totaling 5 stories. GREAT LOCATION! This unique double lot site is situated one block from Knox FasTracks West Line Lightrail station, close proximity to Sloan's Lake, Sports Authority Field, and Downtown Denver.",12440.00,G-MU-5,,DENVER 1,,,,,,PUBLIC WATER SERVICE,2018-01-09,265.0,2018-01-09,ACTIVE,ACTIVE,,,1100000.0,1100000.0,2018-07-17,998000.0,2018-07-17,,,,,102000.0,2018-07-17,,,FAIL,2018-07-17,,,ACTIVE,2018-01-17,,,BLUE MATCH,,(877) 279-1394,,BLUEMATCH,,,,2018-09-30,C,1077414.0,218865.0,2018-10-02,1.0,,2018-10-02,,2018-01-09
238172519,7504111303,1725099675,201801092019042200449535450000000015,23050683,44953545,3618347,1097818064,05052-10-004-000,08031,RESIDENTIAL LOT,,12632.0,1352.0,,,,,,,,,,,1 PARKING SPACES,,679.0,,,,,Amazing development opportunity to build a MultiUnit 5 (GMU5) project with a maximum height of five stories and access to alley. Feasibility Study plans show the option to build 31 apartment units with ground level parking totaling 5 stories. GREAT LOCATI,LEVEL/FLAT,G-MU-5,,DENVER 1,,,,,,PUBLIC,2018-01-09,468.0,2018-01-09,ACTIVE,ACTIVE,,,918000.0,,,,,,,,,,,,,,,,,,,,,BLUE MATCH,,(877) 279-1394,,BLUEMATCH,,,,2019-04-22,A,1243515.0,327301.0,2019-04-23,1.0,,2019-04-23,,2018-01-09
265468946,7990661898,1725099675,201801092019082100449535450000000023,23050683,44953545,3618347,1097818064,05052-10-004-000,08031,VACANT LAND (NEC),,12632.0,1352.0,,,,,,,,,,,1 PARKING SPACES,,739.0,,,,,Amazing development opportunity to build a MultiUnit 5 (GMU5) project with a maximum height of five stories and access to alley. Feasibility Study plans show the option to build 31 apartment units with ground level parking totaling 5 stories. GREAT LOCATI,NEAR PUBLIC TRANSIT,G-MU-5,,DENVER 1,,,,,,PUBLIC,2018-01-09,589.0,2018-01-09,ACTIVE,ACTIVE,,,999000.0,999000.0,2018-01-17,999000.0,2018-01-17,,,,,,,,,,,,,,,,,MARITZA TORRES,,(877) 279-1394,,LIV SOTHEBY'S INTERNATIONAL REALTY,,,,2019-08-21,A,1344358.0,30206.0,2019-08-22,,,2019-08-22,,2018-01-09
135751341,4348950735,1725099675,201608012016080400322467670000000004,23050683,32246767,3297336,1169606124,05052-10-004-000,08031,"RESIDENTIAL (NEC), VACANT LAND (NEC)","RESIDENTIAL LOT, SFR",12632.0,2953.0,,,,,,,,3.0,3.0,,,,640.0,,,,,"Large 12,440 square feet vacant lot Zoned G-MU-5. Build a 5-story apartment building. Great mountain views! Only one block from Knox Light Rail Station, only 7 blocks from Sloan Lake, one block from beautiful Lakewood Gulch Trail, 3 Blocks from Sanchez Park, only a short bicycle ride from Down Town. Call to schedule your personal showing today!",,G-MU-5,AVONDALE,DENVER 1,,,,,,,2016-08-01,3.0,2016-07-28,FAIL,FAIL,CANCEL/WITHDRAWN,,1890880.0,1890880.0,2016-08-01,1890880.0,2016-08-01,,,,,,,,,ACTIVE,2016-08-01,,,,,,,TRELORA TEAM,,(303) 886-3000,JOSHUA@JOSHUATREE.NET,JOSHUATREE REALTY,18102 E. OAKWOOD PL AURORA CO 80016 US,(303) 886-3000,JOSHUA@JOSHUATREE.NET,2016-08-04,C,684567.0,5195584.0,2017-02-02,,,2016-08-01,2016-08-01,2016-08-01
198246889,6393271358,1725099675,201801092018090600449535450000000003,23050683,44953545,3618347,1097818064,05052-10-004-000,08031,VACANT LAND (NEC),,12632.0,1352.0,,,,,,,,,,,1 PARKING SPACES,,814.0,,,,,"Amazing development opportunity to build a MultiUnit 5 (GMU5) project with a maximum height of five stories and access to alley. Feasibility Study plans show the option to build 31 apartment units with ground level parking totaling 5 stories. GREAT LOCATION! This unique double lot site is situated one block from Knox FasTracks West Line Lightrail station, close proximity to Sloan's Lake, Sports Authority Field, and Downtown Denver.",,G-MU-5,,DENVER 1,,,,,,PUBLIC WATER SERVICE,2018-01-09,240.0,2018-01-09,ACTIVE,ACTIVE,,,1100000.0,1100000.0,2018-07-17,998000.0,2018-07-17,,,,,102000.0,2018-07-17,,,FAIL,2018-07-17,,,ACTIVE,2018-01-17,,,BLUE MATCH,,(877) 279-1394,,BLUEMATCH,,,,2018-09-06,C,1056576.0,49017.0,2018-09-07,1.0,,2018-09-07,,2018-01-09
247171615,7664409240,1725099675,201801092019060900449535450000000019,23050683,44953545,3618347,1097818064,05052-10-004-000,08031,VACANT LAND (NEC),,12632.0,1352.0,,,,,,,,,,,1 PARKING SPACES,,665.0,,,,,Amazing development opportunity to build a MultiUnit 5 (GMU5) project with a maximum height of five stories and access to alley. Feasibility Study plans show the option to build 31 apartment units with ground level parking totaling 5 stories. GREAT LOCATI,LEVEL/FLAT,G-MU-5,,DENVER 1,,,,,,PUBLIC,2018-01-09,517.0,2018-01-09,ACTIVE,UNKNOWN,,,899000.0,999000.0,2019-06-09,975000.0,2019-06-09,,,,,-76000.0,2019-06-09,-24000.0,2019-06-09,ACTIVE,2019-06-09,,,,,,,BLUE MATCH,,(877) 279-1394,,BLUEMATCH,,,,2019-06-09,A,1284102.0,229860.0,2019-06-11,1.0,,2019-06-09,2019-06-09,2018-01-09
122542283,4335609678,1725100523,201507022015081300198580250000000001,23051530,19858025,,1169587809,05053-17-025-000,08031,"STORAGE, WAREHOUSE",,1089000.0,851.0,,,,,1959.0,,,,,,,,200.0,,,,,"This warehouse, storage is located at 3015 W 9th Ave, Denver, CO 80204. It has and approximately 851 square feet of living space. This property recently sold for $170,000 on 07/02/2015.",,,,,,,,,,,1900-01-01,,,SOLD,SOLD,,,,,2015-08-13,,2015-08-13,170000.0,2015-07-02,171000.0,169800-170200,,,,,,,,,,,,,,,,,,,,,2016-05-25,A,684567.0,5123214.0,2017-02-02,,,2015-07-02,2015-07-02,2016-05-25
180715054,6099877277,1725101622,201805172018051800492245080000000002,23052651,49224508,1608364,1097811434,05041-14-029-000,08031,HOUSE,,,1936.0,VICTORIAN,FORCED AIR,EVAPORATIVE,,1890.0,,BRICK,3.0,2.0,,,,325.0,,FORMAL DINING ROOM,,,,,,,,GREENLEE,GREENLEE,WEST,"RANGE/OVEN, REFRIGERATOR",,PUBLIC WATER,2018-05-17,1.0,2018-05-17,ACTIVE,ACTIVE,,,630000.0,630000.0,2018-05-17,630000.0,2018-05-17,,,,,,,,,,,,,,,,,JANINE SMITH,,(303) 713-9000,JANINELSMITHCO@GMAIL.COM,REDFIN CORPORATION,,,,2018-05-18,C,982835.0,26133.0,2018-05-21,,,2018-05-21,,2018-05-17
180877449,6100126168,1725101622,201805172018051900492245090000000003,23052651,49224509,3421422,1097811434,05041-14-029-000,08031,SFR,,,1936.0,VICTORIAN,FORCED AIR,EVAPORATIVE,,1890.0,,BRICK,3.0,2.0,,,,325.0,,FORMAL DINING ROOM,,,,,,,,GREENLEE,GREENLEE,WEST,"RANGE/OVEN, REFRIGERATOR",,PUBLIC WATER,2018-05-17,4.0,2018-05-17,ACTIVE,ACTIVE,,,630000.0,630000.0,2018-05-17,630000.0,2018-05-17,,,,,,,,,,,,,,,,,JANINE SMITH,,(303) 713-9000,JANINELSMITHCO@GMAIL.COM,REDFIN CORPORATION,,,,2018-05-19,C,982837.0,41920.0,2018-05-22,1.0,,2018-05-22,,2018-05-17
180602748,6080200360,1725101622,201805172018051700492245090000000001,23052651,49224509,3421422,1097811434,05041-14-029-000,08031,RESIDENTIAL DETACHED,,,1936.0,VICTORIAN,FORCED AIR,EVAPORATIVE,,1890.0,,BRICK,3.0,2.0,,,,325.0,,FORMAL DINING ROOM,,,,,,,,GREENLEE,GREENLEE,WEST,"RANGE/OVEN, REFRIGERATOR",,PUBLIC WATER,2018-05-17,,2018-05-17,ACTIVE,ACTIVE,,,630000.0,630000.0,2018-05-17,630000.0,2018-05-17,,,,,,,,,,,,,,,,,,,,,REDFIN CORPORATION,,,,2018-05-17,A,978128.0,16966.0,2018-05-18,1.0,,2018-05-18,,2018-05-17
182463216,6122958531,1725101622,201805172018060400492245090000000007,23052651,49224509,3421422,1097811434,05041-14-029-000,08031,SFR,,,1936.0,VICTORIAN,FORCED AIR,EVAPORATIVE,,1890.0,,BRICK,3.0,2.0,,,,325.0,,FORMAL DINING ROOM,,,,,,,,GREENLEE,GREENLEE,WEST,"RANGE/OVEN, REFRIGERATOR",,PUBLIC WATER,2018-05-17,18.0,2018-05-17,ACTIVE,PENDING,UNDER CONTRACT,,630000.0,630000.0,2018-05-17,630000.0,2018-05-17,,,,,,,,,ACTIVE,2018-05-17,,,,,,,JANINE SMITH,,(303) 713-9000,JANINELSMITHCO@GMAIL.COM,REDFIN CORPORATION,5655 S YOSEMITE ST # 109 GREENWOOD VILLAGE CO 80111-3219,,,2018-06-04,C,992509.0,76434.0,2018-06-05,1.0,,2018-06-05,,2018-05-17
181572575,6113060020,1725101622,201805172018052700492245080000000005,23052651,49224508,1608364,1097811434,05041-14-029-000,08031,SFR,,,1936.0,VICTORIAN,FORCED AIR,EVAPORATIVE,,1890.0,,BRICK,3.0,2.0,,,,325.0,,FORMAL DINING ROOM,,,,,,,,GREENLEE,GREENLEE,WEST,"RANGE/OVEN, REFRIGERATOR",,PUBLIC WATER,2018-05-17,11.0,2018-05-17,ACTIVE,ACTIVE,,,630000.0,630000.0,2018-05-17,630000.0,2018-05-17,,,,,,,,,,,,,,,,,SMITH  JANINE LOISEAU,,,,REDFIN CORPORATION,5655 S YOSEMITE ST # 109 GREENWOOD VILLAGE CO 80111-3219,,,2018-05-27,C,987459.0,104549.0,2018-05-29,,,2018-05-29,,2018-05-17
180602747,6080200359,1725101622,201805172018051700492245080000000001,23052651,49224508,1608364,1097811434,05041-14-029-000,08031,RESIDENTIAL DETACHED,,,1936.0,VICTORIAN,FORCED AIR,EVAPORATIVE,,1890.0,,BRICK,3.0,2.0,,,,325.0,,FORMAL DINING ROOM,,,,,,,,GREENLEE,GREENLEE,WEST,"RANGE/OVEN, REFRIGERATOR",,PUBLIC WATER,2018-05-17,,2018-05-17,ACTIVE,ACTIVE,,,630000.0,630000.0,2018-05-17,630000.0,2018-05-17,,,,,,,,,,,,,,,,,,,,,REDFIN CORPORATION,,,,2018-05-17,A,978128.0,16965.0,2018-05-18,,,2018-05-18,,2018-05-17
132459897,4345621746,1725101622,201301222013091700053571440000000001,23052651,5357144,,1169605655,05041-14-029-000,08031,SFR,,,1936.0,,,,2,1890.0,,,4.0,2.0,,,,153.0,,,,,,,,SOUTHWEST DENVER,,,,,,,,1900-01-01,,,SOLD,SOLD,,,,,2013-09-17,,2013-09-17,297070.0,2013-01-22,297000.0,296870-297270,,,,,,,,,,,,,,,,,,,,,2016-05-21,A,684567.0,5135263.0,2017-02-02,,,2013-01-22,2013-01-22,2016-05-21
191998835,6257627941,1725101622,201808012018060400492245090000000008,23052651,49224509,3421422,1097811434,05041-14-029-000,08031,SFR,,,1936.0,VICTORIAN,FORCED AIR,EVAPORATIVE,,1890.0,,BRICK,3.0,2.0,,,,325.0,,FORMAL DINING ROOM,,,,,,,,GREENLEE,GREENLEE,WEST,"RANGE/OVEN, REFRIGERATOR",,PUBLIC WATER,2018-05-17,76.0,2018-05-17,ACTIVE,SOLD,,,630000.0,630000.0,2018-05-17,630000.0,2018-05-17,630000.0,2018-08-01,631000.0,629800-630200,,,,,PENDING,2018-06-04,UNDER CONTRACT,2018-06-04,ACTIVE,2018-06-04,,,JANINE SMITH,,(303) 713-9000,JANINELSMITHCO@GMAIL.COM,REDFIN CORPORATION,5655 S YOSEMITE ST # 109 GREENWOOD VILLAGE CO 80111-3219,,,2018-08-09,C,1036519.0,48183.0,2018-08-10,1.0,,2018-08-01,2018-08-01,2018-05-17
180877442,6100126161,1725101622,201805172018051900492245080000000003,23052651,49224508,1608364,1097811434,05041-14-029-000,08031,SFR,,,1936.0,VICTORIAN,FORCED AIR,EVAPORATIVE,,1890.0,,BRICK,3.0,2.0,,,,325.0,,FORMAL DINING ROOM,,,,,,,,GREENLEE,GREENLEE,WEST,"RANGE/OVEN, REFRIGERATOR",,PUBLIC WATER,2018-05-17,4.0,2018-05-17,ACTIVE,ACTIVE,,,630000.0,630000.0,2018-05-17,630000.0,2018-05-17,,,,,,,,,,,,,,,,,JANINE SMITH,,(303) 713-9000,JANINELSMITHCO@GMAIL.COM,REDFIN CORPORATION,,,,2018-05-19,C,982837.0,41913.0,2018-05-22,,,2018-05-22,,2018-05-17
182463215,6122958530,1725101622,201805172018060400492245080000000007,23052651,49224508,1608364,1097811434,05041-14-029-000,08031,SFR,,,1936.0,VICTORIAN,FORCED AIR,EVAPORATIVE,,1890.0,,BRICK,3.0,2.0,,,,325.0,,FORMAL DINING ROOM,,,,,,,,GREENLEE,GREENLEE,WEST,"RANGE/OVEN, REFRIGERATOR",,PUBLIC WATER,2018-05-17,18.0,2018-05-17,ACTIVE,ACTIVE,,,630000.0,630000.0,2018-05-17,630000.0,2018-05-17,,,,,,,,,FAIL,2018-06-04,,,ACTIVE,2018-05-17,,,JANINE SMITH,,(303) 713-9000,JANINELSMITHCO@GMAIL.COM,REDFIN CORPORATION,5655 S YOSEMITE ST # 109 GREENWOOD VILLAGE CO 80111-3219,,,2018-06-04,C,992509.0,76433.0,2018-06-05,,,2018-06-05,,2018-05-17
191998838,6257627944,1725101622,201805172018060400492245080000000008,23052651,49224508,1608364,1097811434,05041-14-029-000,08031,SFR,,,1936.0,VICTORIAN,FORCED AIR,EVAPORATIVE,,1890.0,,BRICK,3.0,2.0,,,,325.0,,FORMAL DINING ROOM,,,,,,,,GREENLEE,GREENLEE,WEST,"RANGE/OVEN, REFRIGERATOR",,PUBLIC WATER,2018-05-17,84.0,2018-05-17,ACTIVE,FAIL,,,630000.0,630000.0,2018-05-17,630000.0,2018-05-17,,,,,,,,,ACTIVE,2018-06-04,,,FAIL,2018-06-04,,,JANINE SMITH,,(303) 713-9000,JANINELSMITHCO@GMAIL.COM,REDFIN CORPORATION,5655 S YOSEMITE ST # 109 GREENWOOD VILLAGE CO 80111-3219,,,2018-08-09,C,1036519.0,48186.0,2018-08-10,,,2018-06-04,2018-06-04,2018-05-17
181572167,6113059610,1725101622,201805172018052700492245090000000005,23052651,49224509,3421422,1097811434,05041-14-029-000,08031,SFR,,,1936.0,VICTORIAN,FORCED AIR,EVAPORATIVE,,1890.0,,BRICK,3.0,2.0,,,,325.0,,FORMAL DINING ROOM,,,,,,,,GREENLEE,GREENLEE,WEST,"RANGE/OVEN, REFRIGERATOR",,PUBLIC WATER,2018-05-17,11.0,2018-05-17,ACTIVE,ACTIVE,,,630000.0,630000.0,2018-05-17,630000.0,2018-05-17,,,,,,,,,,,,,,,,,SMITH  JANINE LOISEAU,,,,REDFIN CORPORATION,5655 S YOSEMITE ST # 109 GREENWOOD VILLAGE CO 80111-3219,,,2018-05-27,C,987459.0,104139.0,2018-05-29,1.0,,2018-05-29,,2018-05-17
181181701,6100507088,1725101622,201805172018052200492245090000000004,23052651,49224509,3421422,1097811434,05041-14-029-000,08031,SFR,,,1936.0,VICTORIAN,FORCED AIR,EVAPORATIVE,,1890.0,,BRICK,3.0,2.0,,,,325.0,,FORMAL DINING ROOM,,,,,,,,GREENLEE,GREENLEE,WEST,"RANGE/OVEN, REFRIGERATOR",,PUBLIC WATER,2018-05-17,5.0,2018-05-17,ACTIVE,ACTIVE,,,630000.0,630000.0,2018-05-17,630000.0,2018-05-17,,,,,,,,,,,,,,,,,SMITH  JANINE LOISEAU,,,,CHERRY CREEK PROPERTIES LLC,5655 S YOSEMITE ST # 109GREENWOOD VILLAGECO80111-3219,,,2018-05-22,C,982839.0,19919.0,2018-05-23,1.0,,2018-05-23,,2018-05-17
181181700,6100507087,1725101622,201805172018052200492245080000000004,23052651,49224508,1608364,1097811434,05041-14-029-000,08031,SFR,,,1936.0,VICTORIAN,FORCED AIR,EVAPORATIVE,,1890.0,,BRICK,3.0,2.0,,,,325.0,,FORMAL DINING ROOM,,,,,,,,GREENLEE,GREENLEE,WEST,"RANGE/OVEN, REFRIGERATOR",,PUBLIC WATER,2018-05-17,5.0,2018-05-17,ACTIVE,ACTIVE,,,630000.0,630000.0,2018-05-17,630000.0,2018-05-17,,,,,,,,,,,,,,,,,SMITH  JANINE LOISEAU,,,,CHERRY CREEK PROPERTIES LLC,5655 S YOSEMITE ST # 109GREENWOOD VILLAGECO80111-3219,,,2018-05-22,C,982839.0,19918.0,2018-05-23,,,2018-05-23,,2018-05-17
180715055,6099877278,1725101622,201805172018051800492245090000000002,23052651,49224509,3421422,1097811434,05041-14-029-000,08031,HOUSE,,,1936.0,VICTORIAN,FORCED AIR,EVAPORATIVE,,1890.0,,BRICK,3.0,2.0,,,,325.0,,FORMAL DINING ROOM,,,,,,,,GREENLEE,GREENLEE,WEST,"RANGE/OVEN, REFRIGERATOR",,PUBLIC WATER,2018-05-17,1.0,2018-05-17,ACTIVE,ACTIVE,,,630000.0,630000.0,2018-05-17,630000.0,2018-05-17,,,,,,,,,,,,,,,,,JANINE SMITH,,(303) 713-9000,JANINELSMITHCO@GMAIL.COM,REDFIN CORPORATION,,,,2018-05-18,C,982835.0,26134.0,2018-05-21,1.0,,2018-05-21,,2018-05-17
134304507,4347487332,1725108403,201612122017010300353480750000000001,23059596,35348075,,1169611557,05102-16-089-089,08031,CONDOMINIUM,,,1444.0,,,,1,2006.0,,BRICK,2.0,2.0,,,,362.0,,,,,"410 Acoma St UNIT 507 Denver, CO is a condo home that contains 1,444 sq ft and was built in 2006. It contains 2 bedrooms and 2 bathrooms. This home last sold for $523,000 in December 2016. It contains 2 bedrooms and 2 bathrooms.",,,,,,,,,,,1900-01-01,,,SOLD,SOLD,,,,,2017-01-03,,2017-01-03,523000.0,2016-12-12,524000.0,522800-523200,,,,,,,,,,,,,,,,,,,,,2017-01-03,A,684567.0,5115914.0,2017-02-02,,,2016-12-12,2016-12-12,2017-01-03
100856767,3849095664,1725108403,201612122017021000353480750000000002,23059596,35348075,,1142859247,05102-16-089-089,08031,RESIDENTIAL (NEC),CONDOMINIUM,514.0,1444.0,,,,1,2006.0,,BRICK,2.0,2.0,,GARAGE,,362.0,,,,,"This Condo located at 410 Acoma Street 507, Denver, CO sold for $523,000on Dec 12, 2016. 410 Acoma St 507 has 2 beds, 2 baths, and approximately 1,444 square feet. The property has a lot size of 514 sqft and was built in 2006. The average listing price for similar homes for sale is $512,280. 410 Acoma St 507 is in the Baker neighborhood in Denver, CO. The average price per square foot for homes for sale in Baker is $362.",,,WATERMARK VILLAGE CONDOS,,,,,,,,1900-01-01,,,SOLD,SOLD,,,,,2017-01-03,,2017-01-03,523000.0,2016-12-12,524000.0,522800-523200,,,,,,,,,,,,,,,,,,,,,2017-02-10,C,649105.0,17648.0,2017-02-13,,,2016-12-12,2016-12-12,2017-02-10
109716267,4322681012,1725139378,201309042014031000027071020000000006,23090379,2707102,1192889,1169578847,05065-17-032-000,08031,SFR,RESIDENTIAL (NEC),6098.0,1023.0,NEW TRADITIONAL,FORCED AIR,,,1913.0,COMPOSITION SHINGLE,,2.0,1.0,,"CARPORT, OFF STREET",,156.0,,,,,"This is a Neighborhood Stabilization Program Property and as such has income restrictions and other restrictions/requirements. See below for details. Total Household income may not exceed 120% of the Area Median Income. Income limits are under broker remarks. Purchaser must attend 8 hours of HUD approved Homeownership classes. Property must be owner occupied. Seller must approve terms and conditions of purchasers loan. SELLER WILL NOT PAY ANY CLOSING COSTS OR CONCESSIONS. DUE TO THE PROGRAM YOU MAY NOT INCREASE THE SALES PRICE TO COVER CLOSING, NOR CAN THE SELLER ACCEPT MORE THAN THE ASKING PRICE. ADDITIONAL DISCLOSURES IN OPEN TRANSACTION MUST BE SUBMITTED WITH ALL OFFERS. INCOMPLETE OFFERS WILL NOT BE SUBMITTED.",,E-SU-D1,DSW DENVER SOUTHWEST,,EAGLETON,,WEST,,,,2013-05-31,96.0,2013-05-31,SOLD,SOLD,,,159900.0,163000.0,2013-06-14,159900.0,2013-08-02,159900.0,2013-09-04,160000.0,159700-160100,-3100.0,2013-06-14,,,FAIL,2013-09-21,CANCEL/WITHDRAWN,2013-09-21,ACTIVE,2013-06-14,,,SHANNON MCGINTY,,(303) 740-7676,SHANNONMCGINTY@AOL.COM,,,,,2016-05-22,C,684567.0,5152392.0,2017-02-02,,,2013-09-04,2013-09-04,2013-05-31
109716155,4322680900,1725139378,201210232013091700053441270000000004,23090379,5344127,,1169578847,05065-17-032-000,08031,"SFR, SINGLE_FAMILY",,6270.0,1023.0,,,,,1913.0,,,2.0,1.0,,,,91.0,,,,,"Great ranch style home located in the heart of Denver sitting on a large lot with two bedrooms, one bathroom, and alley access perfect for a new garage. Great sweat equity opportunity. With a little updating this home will shine. Homepath property sold as is. Subject to 15 day first look period.",,,,,,,,,,,2012-07-31,84.0,2012-07-31,SOLD,SOLD,,,163000.0,163000.0,2013-09-17,,2013-09-17,93060.0,2012-10-23,93000.0,92860-93260,,2013-09-17,,,,,,,,,,,,,,,,,,,2016-10-13,A,684567.0,5142953.0,2017-02-02,,,2012-10-23,2012-10-23,2012-07-31
115247974,4328256125,1725139451,201608012016091500332129190000000001,23090910,33212919,,1169578699,05065-23-039-000,08031,SFR,,5960.0,1124.0,,,,1,1961.0,,BRICK,4.0,1.0,,,,198.0,,,,,"This 1124 square foot single family home has 4 bedrooms and 1.0 bathrooms. It is located at 660 Perry St Denver, Colorado.",,,,,,,,,,,2016-06-27,35.0,2016-06-27,SOLD,SOLD,,,,,2016-09-15,,2016-09-15,222500.0,2016-08-01,223000.0,222300-222700,,,,,,,,,,,,,,,,,,,,,2016-09-15,A,684567.0,5199594.0,2017-02-02,,,2016-08-01,2016-08-01,2016-06-27
229239855,7263433283,1725142325,201903022019030400600889360000000002,23093318,60088936,2161978,1097821394,05062-07-012-000,08031,"SFR, VILLA/TOWNHOUSE",,,1699.0,TOWNHOUSE,FORCED AIR,AIR CONDITIONING-CENTRAL,1.000000000000000,2019.0,MEMBRANE,FRAME,3.0,2.0,1.0,"1 PARKING SPACES, GARAGE (DETACHED) (1 SPACES)",,333.0,,"CABLE AVAILABLE, CABLE AVAILABLE MASTER BATH MASTER SUITE OPEN FLOOR PLAN WALK-IN CLOSETS, MASTER BATH, MASTER SUITE, OPEN FLOOR PLAN, WALK-IN CLOSETS","BRICK STUCCO, ROOFTOP PATIO",,,,SFR,,DENVER 1,COLFAX,LAKE INT'L,NORTH,"DISHWASHER, DRYER, GARBAGE DISPOSER, LAUNDRY HOOK-UP, MICROWAVE OVEN, RANGE-OVEN, REFRIGERATOR, WASHER",,PUBLIC WATER SERVICE,2019-03-02,2.0,2019-03-02,ACTIVE,ACTIVE,,,565000.0,565000.0,2019-03-03,565000.0,2019-03-03,,,,,,,,,,,,,,,,,BENJAMIN GEARHART,,,,MODUS REAL ESTATE LLC,2828 N SPEER BLVD DENVER CO 80211-4213,,,2019-03-04,C,1202857.0,89108.0,2019-03-05,1.0,,2019-03-05,,2019-03-02
253044468,7755283080,1725142325,201906192019031300600889360000000005,23093318,60088936,2161978,1097821394,05062-07-012-000,08031,"CONDOMINIUM, SFR, VILLA/TOWNHOUSE",,,1699.0,TOWNHOUSE,FORCED AIR,AIR CONDITIONING-CENTRAL,1.000000000000000,2019.0,MEMBRANE,FRAME,3.0,4.0,,"1 PARKING SPACES, CARPORT (0), GARAGE (1), GARAGE (DETACHED) (1 SPACES), UNCOVERED (0)",,330.0,,"CABLE AVAILABLE, CABLE AVAILABLE MASTER BATH MASTER SUITE OPEN FLOOR PLAN WALK-IN CLOSETS, MASTER BATH, MASTER SUITE, OPEN FLOOR PLAN, WALK-IN CLOSETS","BRICK STUCCO, ROOFTOP PATIO",,,,SFR,,DENVER 1,COLFAX,LAKE INT'L,NORTH,"DISHWASHER, DRYER, GARBAGE DISPOSER, LAUNDRY HOOK-UP, MICROWAVE OVEN, RANGE-OVEN, REFRIGERATOR, WASHER",,PUBLIC WATER SERVICE,2019-03-02,109.0,2019-03-02,ACTIVE,SOLD,,,565000.0,,,,,560000.0,2019-06-19,561000.0,559800-560200,,,,,,,,,,,,,BENJAMIN GEARHART,,(303) 974-4717,,MODUS REAL ESTATE,2828 N SPEER BLVD DENVER CO 80211-4213,,,2019-07-02,A,1301716.0,148035.0,2019-07-03,1.0,,2019-06-19,2019-06-19,2019-03-02
160146239,4997315549,1725142325,201710052017100500421796640000000001,23093318,42179664,,1097821394,05062-07-012-000,08031,SFR,,7405.0,1081.0,,,EVAPORATIVE,1,,ASPHALT,BRICK,3.0,2.0,,"576 SQFT GARAGE, DETACHED GARAGE, OFF STREET",,2.0,,,,,"MOD Properties now offering 3 bed, 2 bath brick ranch home built in 1947 with approximately 1081 square feet plus the finished garage. Garage is very unique space. Many possible uses, MUST SEE!  Main house features hardwoods, updated kitchen with stainless steel appliances, white cabinets, tile counters and floors. Master bed also has updated bath with tile, frame less shower door, high efficiency laundry and new vanity. 2nd bath is also updated with newer tile and some fixtures.  Nice fenced yard with grass lawn.  Available for showings and occupancy immediately.Includes: Stove, Refrigerator, Dishwasher, Microwave and High Efficiency Washer/Dryer.Denver Public Schools: Colfax Elementary, Lake International Middle and North High Schools.MOD Properties offers online work order submission, inhouse maintenance staff and is available 24/7 to handle any emergencies.Rent: $2000.00Deposit: $2000.00$30 Application Fee per Adult6 Month Lease TermTenants pay Gas/Electric and Water/Sewer (Owner pays Trash/Recycling)No Pets and No SmokingGas Forced Air Heat and Swamp CoolerProperty : S9701Renter's Insurance is mandatory.MOD Properties doesn't allow the use or production of any drug products. Tenants will be required to sign a drug addendum as part of their lease. No exception is made for medicinal uses or because of any current CO law.Property shown by appointment only. Apply online at www.modprop.info. Application fees accepted via PAYPAL online or via Cash/Check/Credit inperson.&hellip;&nbsp; More&nbsp;Less&nbsp;What I love about the homeNew landscape, comfortable layout, big studio in detached building with well lit finished office space.",,,,DENVER,COLFAX,LAKE,NORTH,"DISHWASHER, MICROWAVE, RANGE, REFRIGERATOR, WASHER",,,,,,SOLD,SOLD,,1.0,,,2017-10-05,,2017-10-05,2000.0,,3000.0,1800-2200,,,,,,,,,,,,,,,,,,,,,2017-10-05,A,808557.0,18471.0,2017-10-06,,1.0,2017-10-05,2017-10-05,2017-10-05
229589180,7263794693,1725142325,201903022019030500600889360000000003,23093318,60088936,2161978,1097821394,05062-07-012-000,08031,"CONDOMINIUM, SFR, VILLA/TOWNHOUSE",,,1699.0,TOWNHOUSE,FORCED AIR,AIR CONDITIONING-CENTRAL,1.000000000000000,2019.0,MEMBRANE,FRAME,3.0,2.0,1.0,"1 PARKING SPACES, CARPORT (0), GARAGE (1), GARAGE (DETACHED) (1 SPACES), UNCOVERED (0)",,333.0,,"CABLE AVAILABLE, CABLE AVAILABLE MASTER BATH MASTER SUITE OPEN FLOOR PLAN WALK-IN CLOSETS, MASTER BATH, MASTER SUITE, OPEN FLOOR PLAN, WALK-IN CLOSETS","BRICK STUCCO, ROOFTOP PATIO",,,,SFR,,DENVER 1,COLFAX,LAKE INT'L,NORTH,"DISHWASHER, DRYER, GARBAGE DISPOSER, LAUNDRY HOOK-UP, MICROWAVE OVEN, RANGE-OVEN, REFRIGERATOR, WASHER",,PUBLIC WATER SERVICE,2019-03-02,3.0,2019-03-02,ACTIVE,ACTIVE,,,565000.0,,,,,,,,,,,,,,,,,,,,,BENJAMIN GEARHART,,(303) 974-4717,,MODUS REAL ESTATE,2828 N SPEER BLVD DENVER CO 80211-4213,,,2019-03-05,A,1202988.0,11442.0,2019-03-06,1.0,,2019-03-06,,2019-03-02
231023845,7308369935,1725142325,201903022019031300600889360000000004,23093318,60088936,2161978,1097821394,05062-07-012-000,08031,"CONDOMINIUM, SFR, VILLA/TOWNHOUSE",,,1699.0,TOWNHOUSE,FORCED AIR,AIR CONDITIONING-CENTRAL,1.000000000000000,2019.0,MEMBRANE,FRAME,3.0,4.0,1.0,"1 PARKING SPACES, CARPORT (0), GARAGE (1), GARAGE (DETACHED) (1 SPACES), UNCOVERED (0)",,333.0,,"CABLE AVAILABLE, CABLE AVAILABLE MASTER BATH MASTER SUITE OPEN FLOOR PLAN WALK-IN CLOSETS, MASTER BATH, MASTER SUITE, OPEN FLOOR PLAN, WALK-IN CLOSETS","BRICK STUCCO, ROOFTOP PATIO",,,,SFR,,DENVER 1,COLFAX,LAKE INT'L,NORTH,"DISHWASHER, DRYER, GARBAGE DISPOSER, LAUNDRY HOOK-UP, MICROWAVE OVEN, RANGE-OVEN, REFRIGERATOR, WASHER",,PUBLIC WATER SERVICE,2019-03-02,11.0,2019-03-02,ACTIVE,ACTIVE,,,565000.0,,,,,,,,,,,,,,,,,,,,,BENJAMIN GEARHART,,(303) 974-4717,,MODUS REAL ESTATE,2828 N SPEER BLVD DENVER CO 80211-4213,,,2019-03-13,A,1208749.0,21112.0,2019-03-14,1.0,,2019-03-14,,2019-03-02
145586986,4425756160,1725142325,201704072017050200379184420000000001,23093318,37918442,,1180503308,05062-07-012-000,08031,SFR,,7405.0,1081.0,,,EVAPORATIVE,,1947.0,,BRICK,3.0,2.0,,"DETACHED GARAGE, OFF STREET",,389.0,,,,,"MOD Properties now offering 3 bed, 2 bath brick ranch home built in 1947 with approximately 1081 square feet plus the finished garage. Garage is very unique space. Many possible uses, MUST SEE!  Main house features hardwoods, updated kitchen with stainless steel appliances, white cabinets, tile counters and floors. Master bed also has updated bath with tile, frame less shower door, high efficiency laundry and new vanity. 2nd bath is also updated with newer tile and some fixtures.  Nice fenced yard with grass lawn.  Available for showings and occupancy immediately.Includes: Stove, Refrigerator, Dishwasher, Microwave and High Efficiency Washer/Dryer.Denver Public Schools: Colfax Elementary, Lake International Middle and North High Schools.MOD Properties offers online work order submission, inhouse maintenance staff and is available 24/7 to handle any emergencies.Rent: $2000.00Deposit: $2000.00$30 Application Fee per Adult6 Month Lease TermTenants pay Gas/Electric and Water/Sewer (Owner pays Trash/Recycling)No Pets and No SmokingGas Forced Air Heat and Swamp CoolerProperty : S9701Renter's Insurance is mandatory.MOD Properties doesn't allow the use or production of any drug products. Tenants will be required to sign a drug addendum as part of their lease. No exception is made for medicinal uses or because of any current CO law.Property shown by appointment only. Apply online at www.modprop.info. Application fees accepted via PAYPAL online or via Cash/Check/Credit inperson.&hellip;&nbsp; More&nbsp;Less&nbsp;What I love about the homeNew landscape, comfortable layout, big studio in detached building with well lit finished office space.",,,,DENVER,COLFAX,LAKE,NORTH,"DISHWASHER, MICROWAVE, RANGE, REFRIGERATOR, WASHER",,,,,,SOLD,SOLD,,,,,2017-05-02,,2017-05-02,420000.0,2017-04-07,421000.0,419800-420200,,,,,,,,,,,,,,,,,,,,,2017-05-02,A,697753.0,58013.0,2017-05-03,,,2017-04-07,2017-04-07,2017-05-02
123478663,4336553489,1725142999,201211132013092100003792170000000004,23094042,379217,1138976,1169602644,05063-00-031-000,08031,SFR,,7630.0,1176.0,,,,1,1951.0,,,3.0,1.0,,,,114.0,,,,,"GREAT OPPORTUNITY, TWO UNITS, GARAGE WAS CONVERTED TO MOTHER-IN-LAW WITH 2 BEDROOMS AND A BATH WITH APPROX. 550 SQ FT. TOTAL COMBINED SQ. FT. FOR THE TWO UNITS IS 1726 FINISHED SQ FT. SOLD IN AS IS CONDITION. MAIN HOUSE NEEDS UPDATING!GREAT INVESTMENT",,,,DENVER 1,COWELL,,WEST,,,,2012-10-23,21.0,2012-10-23,SOLD,SOLD,,,125000.0,125000.0,2013-09-17,,2013-04-05,134000.0,2012-11-13,135000.0,133800-134200,,2013-04-05,,,,,,,,,,,,,,,,,,,2016-05-21,C,684567.0,5141490.0,2017-02-02,,,2012-11-13,2012-11-13,2012-10-23
120561699,4333613088,1725159197,201406042014071100133597840000000001,23110238,13359784,,1169616806,05051-01-040-000,08031,"STORAGE, WAREHOUSE",,46087.0,25535.0,,,,,1909.0,,,,,,,,56.0,,,,,,,,,,,,,,,,1900-01-01,,,SOLD,SOLD,,,,,2014-07-11,,2014-07-11,1428728.0,2014-06-04,1429000.0,1428528-1428928,,,,,,,,,,,,,,,,,,,,,2016-05-23,A,684567.0,5176776.0,2017-02-02,,,2014-06-04,2014-06-04,2016-05-23
164126976,5190803840,1725159893,201710162017111400431432170000000001,23110900,43143217,,1097813399,05061-21-001-000,08031,SFR,,9370.0,2200.0,,,OTHER,,1942.0,,WOOD,3.0,2.0,2.0,2 SPACES,,352.0,,,,,"Spacious home on huge corner lot with large detached workshop/garage, storage shed and driveway with ample offstreet parking. Bring your boat, RV and moreplenty of room!Just minutes to downtown Denver, and 2 blocks to the light rail W line station. Short walk to buses, restaurants, Sloans Lake and more in a friendly, treelined neighborhood. Light and bright upstairs and down, freshly painted and updated with charming architectural detailing with archways and beautiful tiled floor. 3 bedrooms plus 1 nonconforming, 2 full bathrooms, living room, recreation/family room and separate dining area. Separate upstairs laundry room with washer/dryer and utility/mud room. Movein today, with first, last and security deposit (additional deposit and monthly fee for pets). Utilities not included. Come see this special home for yourself! Please call 3035144064 or email rrodhomes@gmail.com to schedule your showing.&hellip;&nbsp; More&nbsp;Less&nbsp;",,,,,,,,"DISHWASHER, MICROWAVE, RANGE, REFRIGERATOR, WASHER",,,,,,SOLD,SOLD,,,,,2017-11-14,,2017-11-14,775000.0,2017-10-16,776000.0,774800-775200,,,,,,,,,,,,,,,,,,,,,2017-11-14,A,836181.0,41194.0,2017-11-15,1.0,,2017-10-16,2017-10-16,2017-11-14
141135951,4354395363,1725159924,201402122014031400092645650000000003,23110935,9264565,8315673,1169579062,05061-21-015-000,08031,"MULTI FAMILY DWELLING, RESIDENTIAL (NEC)",MULTI FAMILY DWELLING,6098.0,1440.0,RANCH,FORCED AIR,,1,1961.0,COMPOSITION SHINGLE,,4.0,1.0,,,,122.0,NONE,,,,"NICE DUPLEX NEXT TO LIGHT RAIL AT PERRY... VERY GOOD CONDITION... MINOR TOUCHES NEEDED HERE AND THERE, YET TRULY WELL KEPT BY THE OWNER AN THE TENANTS... CLEAN; BRIGHT; GREAT LOCATION; GOOD RENTS; NEWER FURNACE IN ONE UNIT AND NEWER H2O IN ONE UNIT... NEWER GLASSTOP STOVE/OVEN IN FRONT UNIT AND NEWER REFRIGERATOR.  LARGE YARD AND NICELY CARED FOR.  NO DEFERRED MAINTENANCE JUST A COUPLE UTILITIES NEARING THEIR LIFE EXPECTANCY... QUITE NICE AND RENTS QUICKLY WHEN NEEDED... BOTH TENANTS WISH TO STAY... CURRENTLY MNONTH TO MOINTH SIMPLE LEASES.",,G-MU-3,VILLA PARK,,,LAKE,NORTH,,,,2014-01-10,33.0,2014-01-10,SOLD,SOLD,,,175000.0,175000.0,2014-01-17,175000.0,2014-01-17,175000.0,2014-02-12,176000.0,174800-175200,,,,,FAIL,2014-01-24,CANCEL/WITHDRAWN,2014-01-24,ACTIVE,2014-01-17,,,JEAN EBMEYER,,(719) 650-0801,JEANEBMEYER@COMCAST.NET,,,,,2016-05-22,C,684567.0,5145130.0,2017-02-02,,,2014-02-12,2014-02-12,2014-01-10
248319102,7670038633,1725160542,201904242019061300631456090000000009,23111513,63145609,2396648,1261734913,05062-03-013-000,08031,"CONDOMINIUM, SFR",,28314.0,469.0,"MID CENTURY, MID-CENTURY MODERN-CONDOMINIUM","BASEBOARD, ELECTRIC",OTHER,1.000000000000000,1962.0,MEMBRANE,"BRICK, BRICK CONCRETE, CONCRETE",1.0,1.0,,"1 CAR PARKING, CARPORT (0), GARAGE (0), UNCOVERED (0)",,744.0,,"BUILT-IN FEATURES QUARTZ COUNTER TOPS, BUILT-INS, CABLE AVAILABLE, DOUBLE PANE WINDOWS, INTERNET ACCESS (WIRED), NO STAIRS, OPEN FLOOR PLAN",,,,NEAR PUBLIC TRANSIT,U-MS-5,,DENVER 1,COLFAX,STRIVE LAKE,NORTH,"DISHWASHER, DISHWASHER DISPOSAL RANGE/OVEN REFRIGERATOR SMOKE DETECTOR, DRYER, GARBAGE DISPOSER, REFRIGERATOR (KITCHEN), SMOKE ALARM, STOVE/RANGE/OVEN, WASHER",,PUBLIC,2019-02-20,50.0,2019-04-24,ACTIVE,FAIL,,,349000.0,,,,,,,,,,,,,,,,,,,,,MICHAEL BERMAN,,,,LIV SOTHEBY'S INTERNATIONAL REALTY,15308 W SUNSET BLVD PACIFIC PALISADES CA 90272-3613,(424) 354-0790,,2019-06-13,A,1284535.0,57387.0,2019-06-14,1.0,,2019-02-20,2019-06-13,2019-02-20
243627087,7592819500,1725160542,201902202019052100595431570000000010,23111513,59543157,8690929,1261734913,05062-03-013-000,08031,SFR,,28314.0,372.0,MID-CENTURY MODERN-CONDOMINIUM,"BASEBOARD, ELECTRIC",OTHER,1.000000000000000,1962.0,MEMBRANE,"BRICK, CONCRETE",1.0,1.0,,"CARPORT (0), GARAGE (0), UNCOVERED (0)",,511.0,,"BUILT-INS, CABLE AVAILABLE, DOUBLE PANE WINDOWS, INTERNET ACCESS (WIRED), NO STAIRS, OPEN FLOOR PLAN",,,,,U-MS-5,,DENVER 1,COLFAX,STRIVE LAKE,NORTH,"DISHWASHER, REFRIGERATOR (KITCHEN), STOVE/RANGE/OVEN",,PUBLIC,2019-02-20,90.0,2019-02-20,ACTIVE,UNKNOWN,,,190000.0,,,,,,,,,,,,,,,,,,,,,MICHAEL BERMAN,,,,LIV SOTHEBY'S INTERNATIONAL REALTY,,,,2019-05-21,A,1266999.0,158709.0,2019-05-22,,,2019-02-20,2019-05-21,2019-02-20
232235745,7346189548,1725160542,201902202019032000595431570000000006,23111513,59543157,8690929,1261734913,05062-03-013-000,08031,"CONDOMINIUM, SFR",,28314.0,469.0,"MID CENTURY, MID-CENTURY MODERN-CONDOMINIUM","BASEBOARD, ELECTRIC",OTHER,,1962.0,MEMBRANE,"BRICK, BRICK CONCRETE, CONCRETE",1.0,1.0,,"1 CAR PARKING, CARPORT (0), GARAGE (0), UNCOVERED (0)",,405.0,,"BUILT-IN FEATURES QUARTZ COUNTER TOPS, BUILT-INS, CABLE AVAILABLE, DOUBLE PANE WINDOWS, INTERNET ACCESS (WIRED), NO STAIRS, OPEN FLOOR PLAN",,,,,U-MS-5,,DENVER 1,COLFAX,STRIVE LAKE,NORTH,"DISHWASHER, DISHWASHER RANGE/OVEN REFRIGERATOR, REFRIGERATOR (KITCHEN), STOVE/RANGE/OVEN",,PUBLIC,2019-01-18,28.0,2019-02-20,ACTIVE,ACTIVE,,,190000.0,,,,,,,,,,,,,,,,,,,,,MICHAEL BERMAN,,,,LIV SOTHEBY'S INTERNATIONAL REALTY,15308 W SUNSET BLVD PACIFIC PALISADES CA 90272-3613,(424) 354-0790,,2019-03-20,A,1214774.0,57228.0,2019-03-21,,,2019-03-21,,2019-01-18
248317972,7670037503,1725160542,201903162019061300608827960000000012,23111513,60882796,5425343,1261734913,05062-03-013-000,08031,"CONDOMINIUM, SFR",,28314.0,469.0,"MID CENTURY, MID-CENTURY MODERN-CONDOMINIUM","BASEBOARD, ELECTRIC",OTHER,1.000000000000000,1962.0,MEMBRANE,"BRICK, BRICK CONCRETE, CONCRETE",1.0,1.0,,"1 CAR PARKING, CARPORT (0), GARAGE (0), UNCOVERED (0)",,469.0,,"BUILT-IN FEATURES QUARTZ COUNTER TOPS, BUILT-INS, CABLE AVAILABLE, DOUBLE PANE WINDOWS, INTERNET ACCESS (WIRED), NO STAIRS, OPEN FLOOR PLAN",,,,,U-MS-5,,DENVER 1,COLFAX,STRIVE LAKE,NORTH,"DISHWASHER, DISHWASHER DISPOSAL RANGE/OVEN REFRIGERATOR SMOKE DETECTOR, GARBAGE DISPOSER, REFRIGERATOR (KITCHEN), SMOKE ALARM, STOVE/RANGE/OVEN",,PUBLIC,2019-02-20,89.0,2019-03-16,ACTIVE,FAIL,,,220000.0,,,,,,,,,,,,,,,,,,,,,MICHAEL BERMAN,,,,LIV SOTHEBY'S INTERNATIONAL REALTY,15308 W SUNSET BLVD PACIFIC PALISADES CA 90272-3613,(424) 354-0790,,2019-06-13,A,1284535.0,56257.0,2019-06-14,,,2019-02-20,2019-06-13,2019-02-20
250094456,7729974231,1725160542,201903162019062400608827960000000013,23111513,60882796,5425343,1261734913,05062-03-013-000,08031,CONDOMINIUM,,28314.0,469.0,MID-CENTURY MODERN-CONDOMINIUM,"BASEBOARD, ELECTRIC",OTHER,1.000000000000000,1962.0,MEMBRANE,"BRICK, CONCRETE",1.0,1.0,,"CARPORT (0), GARAGE (0), UNCOVERED (0)",,469.0,,"BUILT-INS, CABLE AVAILABLE, DOUBLE PANE WINDOWS, INTERNET ACCESS (WIRED), NO STAIRS, OPEN FLOOR PLAN",,,,,U-MS-5,,DENVER 1,COLFAX,STRIVE LAKE,NORTH,"DISHWASHER, GARBAGE DISPOSER, REFRIGERATOR (KITCHEN), SMOKE ALARM, STOVE/RANGE/OVEN",,PUBLIC,2019-02-20,100.0,2019-03-16,ACTIVE,ACTIVE,,,220000.0,,,,,,,,,,,,,,,,,,,,,MICHAEL BERMAN,,,,LIV SOTHEBYS INTERNATIONAL REALTY,,,,2019-06-24,A,1295705.0,119847.0,2019-06-25,,,2019-06-25,,2019-02-20
222795328,7110748557,1725160542,201901182019012500564759970000000004,23111513,56475997,9378039,1261734913,05062-03-013-000,08031,CONDOMINIUM,,28314.0,469.0,MID-CENTURY MODERN,BASEBOARD,OTHER,,1962.0,MEMBRANE,BRICK,1.0,1.0,,"CARPORT (0), GARAGE (0), UNCOVERED (0)",,469.0,,BUILT-INS CABLE AVAILABLE DOUBLE PANE WINDOWS INTERNET ACCESS (WIRED) NO STAIRS OPEN FLOOR PLAN,,,,,U-MS-5,,DENVER 1,COLFAX,STRIVE LAKE,NORTH,DISHWASHER REFRIGERATOR (KITCHEN) STOVE/RANGE/OVEN,,PUBLIC,2019-01-18,7.0,2019-01-18,ACTIVE,ACTIVE,,,220000.0,220000.0,2019-01-19,220000.0,2019-01-19,,,,,,,,,,,,,,,,,MICHAEL BERMAN,,,,LIV SOTHEBY'S INTERNATIONAL REALTY,,,,2019-01-25,C,1174100.0,460729.0,2019-01-28,1.0,,2019-01-28,,2019-01-18
228621437,7239979784,1725160542,201901182019022800564759970000000013,23111513,56475997,9378039,1261734913,05062-03-013-000,08031,"CONDOMINIUM, SFR",,28314.0,469.0,"CONDOMINIUM, MID-CENTURY MODERN",BASEBOARD,OTHER,,1962.0,MEMBRANE,"BRICK, CONCRETE",1.0,1.0,,"CARPORT (0), GARAGE (0), RESERVED - DEEDED (1 SPACES), UNCOVERED (0)",,490.0,,"BUILT-INS, BUILT-INS CABLE AVAILABLE DOUBLE PANE WINDOWS INTERNET ACCESS (WIRED) NO STAIRS OPEN FLOOR PLAN, CABLE AVAILABLE, DOUBLE PANE WINDOWS, INTERNET ACCESS (WIRED), NO STAIRS, OPEN FLOOR PLAN",,,,,U-MS-5,,DENVER 1,COLFAX,STRIVE LAKE,NORTH,"DISHWASHER, DISHWASHER REFRIGERATOR (KITCHEN) STOVE/RANGE/OVEN, REFRIGERATOR (KITCHEN), STOVE/RANGE/OVEN",,PUBLIC,2019-01-18,41.0,2019-01-18,ACTIVE,ACTIVE,,,230000.0,220000.0,2019-02-28,220000.0,2019-02-28,,,,,10000.0,2019-02-28,,,,,,,,,,,MICHAEL BERMAN,,,,LIV SOTHEBY'S INTERNATIONAL REALTY,,,,2019-02-28,A,1197300.0,96056.0,2019-03-01,1.0,,2019-03-01,,2019-01-18
238854889,7524182208,1725160542,201903162019042600608827960000000009,23111513,60882796,5425343,1261734913,05062-03-013-000,08031,"CONDOMINIUM, SFR",,28314.0,469.0,"CONDOMINIUM, MID CENTURY, MID-CENTURY MODERN-CONDOMINIUM","BASEBOARD, ELECTRIC",OTHER,1.000000000000000,1962.0,MEMBRANE,"BRICK, BRICK CONCRETE, CONCRETE",1.0,1.0,,"1 CAR PARKING, CARPORT (0), GARAGE (0), UNCOVERED (0)",,469.0,,"BUILT-IN FEATURES QUARTZ COUNTER TOPS, BUILT-INS, CABLE AVAILABLE, DOUBLE PANE WINDOWS, INTERNET ACCESS (WIRED), NO STAIRS, OPEN FLOOR PLAN",,,,,U-MS-5,,DENVER 1,COLFAX,STRIVE LAKE,NORTH,"DISHWASHER, DISHWASHER DISPOSAL DRYER LAUNDRY HOOK-UP RANGE/OVEN REFRIGERATOR SMOKE DETECTOR WASHER WASHER/DRYER, GARBAGE DISPOSER, REFRIGERATOR (KITCHEN), SMOKE ALARM, STOVE/RANGE/OVEN",,PUBLIC,2019-01-18,41.0,2019-03-16,ACTIVE,ACTIVE,,,220000.0,,,,,,,,,,,,,,,,,,,,,,,,,LIV SOTHEBY'S INTERNATIONAL REALTY,,,,2019-04-26,A,1249296.0,69182.0,2019-04-29,,,2019-04-29,,2019-01-18
240117523,7544533875,1725160542,201903162019050400608827960000000010,23111513,60882796,5425343,1261734913,05062-03-013-000,08031,"CONDOMINIUM, SFR",,28314.0,469.0,"CONDOMINIUM, MID CENTURY, MID-CENTURY MODERN-CONDOMINIUM","BASEBOARD, ELECTRIC",OTHER,1.000000000000000,1962.0,MEMBRANE,"BRICK, BRICK CONCRETE, CONCRETE",1.0,1.0,,"1 CAR PARKING, CARPORT (0), GARAGE (0), UNCOVERED (0)",,469.0,,"BUILT-IN FEATURES QUARTZ COUNTER TOPS, BUILT-INS, CABLE AVAILABLE, DOUBLE PANE WINDOWS, INTERNET ACCESS (WIRED), NO STAIRS, OPEN FLOOR PLAN",,,,,U-MS-5,,DENVER 1,COLFAX,STRIVE LAKE,NORTH,"DISHWASHER, DISHWASHER DISPOSAL DRYER LAUNDRY HOOK-UP RANGE/OVEN REFRIGERATOR SMOKE DETECTOR WASHER WASHER/DRYER, DISHWASHER DISPOSAL RANGE/OVEN REFRIGERATOR SMOKE DETECTOR, GARBAGE DISPOSER, REFRIGERATOR (KITCHEN), SMOKE ALARM, STOVE/RANGE/OVEN",,PUBLIC,2019-02-20,51.0,2019-03-16,ACTIVE,ACTIVE,,,220000.0,,,,,,,,,,,,,,,,,,,,,MICHAEL BERMAN,,,,LIV SOTHEBY'S INTERNATIONAL REALTY,15308 W SUNSET BLVD PACIFIC PALISADES CA 90272-3613,(424) 354-0790,,2019-05-04,A,1254946.0,7787.0,2019-05-07,,,2019-05-07,,2019-02-20
240138274,7544554691,1725160542,201902202019050400595431570000000009,23111513,59543157,8690929,1261734913,05062-03-013-000,08031,"CONDOMINIUM, SFR",,28314.0,469.0,"MID CENTURY, MID-CENTURY MODERN-CONDOMINIUM","BASEBOARD, ELECTRIC",OTHER,1.000000000000000,1962.0,MEMBRANE,"BRICK, BRICK CONCRETE, CONCRETE",1.0,1.0,,"1 CAR PARKING, CARPORT (0), GARAGE (0), UNCOVERED (0)",,405.0,,"BUILT-IN FEATURES QUARTZ COUNTER TOPS, BUILT-INS, CABLE AVAILABLE, DOUBLE PANE WINDOWS, INTERNET ACCESS (WIRED), NO STAIRS, OPEN FLOOR PLAN",,,,,U-MS-5,,DENVER 1,COLFAX,STRIVE LAKE,NORTH,"DISHWASHER, DISHWASHER DISPOSAL DRYER LAUNDRY HOOK-UP RANGE/OVEN REFRIGERATOR SMOKE DETECTOR WASHER WASHER/DRYER, DISHWASHER DISPOSAL RANGE/OVEN REFRIGERATOR SMOKE DETECTOR, REFRIGERATOR (KITCHEN), STOVE/RANGE/OVEN",,PUBLIC,2019-02-20,75.0,2019-02-20,ACTIVE,ACTIVE,,,190000.0,,,,,,,,,,,,,,,,,,,,,MICHAEL BERMAN,,,,LIV SOTHEBY'S INTERNATIONAL REALTY,15308 W SUNSET BLVD PACIFIC PALISADES CA 90272-3613,(424) 354-0790,,2019-05-04,A,1254946.0,28603.0,2019-05-07,,,2019-05-07,,2019-02-20
240138438,7544554855,1725160542,201904242019050400631456090000000006,23111513,63145609,2396648,1261734913,05062-03-013-000,08031,CONDOMINIUM,,28314.0,715.0,MID CENTURY,BASEBOARD,OTHER,1.000000000000000,1962.0,MEMBRANE,"BRICK, CONCRETE",1.0,1.0,,1 CAR PARKING,,488.0,,BUILT-IN FEATURES QUARTZ COUNTER TOPS,,,,NEAR PUBLIC TRANSIT,U-MS-5,,DENVER 1,COLFAX,STRIVE LAKE,NORTH,DISHWASHER DISPOSAL RANGE/OVEN REFRIGERATOR SMOKE DETECTOR,,PUBLIC,2019-02-20,12.0,2019-04-24,ACTIVE,ACTIVE,,,349000.0,,,,,,,,,,,,,,,,,,,,,MICHAEL BERMAN,,,,LIV SOTHEBY'S INTERNATIONAL REALTY,,,,2019-05-04,A,1254946.0,28767.0,2019-05-07,1.0,,2019-05-07,,2019-02-20
233363922,7389040753,1725160542,201902202019032600595431570000000007,23111513,59543157,8690929,1261734913,05062-03-013-000,08031,SFR,,28314.0,372.0,MID-CENTURY MODERN-CONDOMINIUM,"BASEBOARD, ELECTRIC",OTHER,1.000000000000000,1962.0,MEMBRANE,"BRICK, CONCRETE",1.0,1.0,,"CARPORT (0), GARAGE (0), UNCOVERED (0)",,511.0,,"BUILT-INS, CABLE AVAILABLE, DOUBLE PANE WINDOWS, INTERNET ACCESS (WIRED), NO STAIRS, OPEN FLOOR PLAN",,,,,U-MS-5,,DENVER 1,COLFAX,STRIVE LAKE,NORTH,"DISHWASHER, REFRIGERATOR (KITCHEN), STOVE/RANGE/OVEN",,PUBLIC,2019-02-20,34.0,2019-02-20,ACTIVE,ACTIVE,,,190000.0,,,,,,,,,,,,,,,,,,,,,MICHAEL BERMAN,,,,LIV SOTHEBY'S INTERNATIONAL REALTY,,,,2019-03-26,A,1220158.0,56364.0,2019-03-27,,,2019-03-27,,2019-02-20
243975982,7596219816,1725160542,201903162019052300608827960000000011,23111513,60882796,5425343,1261734913,05062-03-013-000,08031,SFR,,28314.0,469.0,MID-CENTURY MODERN-CONDOMINIUM,"BASEBOARD, ELECTRIC",OTHER,1.000000000000000,1962.0,MEMBRANE,"BRICK, CONCRETE",1.0,1.0,,"CARPORT (0), GARAGE (0), UNCOVERED (0)",,469.0,,"BUILT-INS, CABLE AVAILABLE, DOUBLE PANE WINDOWS, INTERNET ACCESS (WIRED), NO STAIRS, OPEN FLOOR PLAN",,,,,U-MS-5,,DENVER 1,COLFAX,STRIVE LAKE,NORTH,"DISHWASHER, GARBAGE DISPOSER, REFRIGERATOR (KITCHEN), SMOKE ALARM, STOVE/RANGE/OVEN",,PUBLIC,2019-03-16,68.0,2019-03-16,ACTIVE,UNKNOWN,,,220000.0,,,,,,,,,,,,,,,,,,,,,MICHAEL BERMAN,,,,LIV SOTHEBY'S INTERNATIONAL REALTY,,,,2019-05-23,A,1267285.0,86249.0,2019-05-24,,,2019-03-16,2019-05-23,2019-03-16
226216341,7172338901,1725160542,201901182019021300564759970000000011,23111513,56475997,9378039,1261734913,05062-03-013-000,08031,"CONDOMINIUM, SFR",,28314.0,469.0,"CONDOMINIUM, MID-CENTURY MODERN-CONDOMINIUM","BASEBOARD, ELECTRIC",OTHER,1.000000000000000,1962.0,MEMBRANE,"BRICK, CONCRETE",1.0,1.0,,"CARPORT (0), GARAGE (0), RESERVED - DEEDED, UNCOVERED (0)",,490.0,,"BUILT-INS, CABLE AVAILABLE, DOUBLE PANE WINDOWS, INTERNET ACCESS (WIRED), NO STAIRS, OPEN FLOOR PLAN",,,,,U-MS-5,,DENVER 1,COLFAX,STRIVE LAKE,NORTH,"DISHWASHER, REFRIGERATOR (KITCHEN), STOVE/RANGE/OVEN",,PUBLIC,2019-01-18,26.0,2019-01-18,ACTIVE,ACTIVE,,,230000.0,,,,,,,,,,,,,,,,,,,,,MICHAEL BERMAN,,,,LIV SOTHEBY'S INTERNATIONAL REALTY,,,,2019-02-13,A,1185913.0,52848.0,2019-02-14,1.0,,2019-02-14,,2019-01-18
250102055,7729981830,1725160542,201902202019062200595431570000000012,23111513,59543157,8690929,1261734913,05062-03-013-000,08031,CONDOMINIUM,,28314.0,372.0,MID-CENTURY MODERN-CONDOMINIUM,"BASEBOARD, ELECTRIC",OTHER,1.000000000000000,1962.0,MEMBRANE,"BRICK, CONCRETE",1.0,1.0,,"CARPORT (0), GARAGE (0), UNCOVERED (0)",,511.0,,"BUILT-INS, CABLE AVAILABLE, DOUBLE PANE WINDOWS, INTERNET ACCESS (WIRED), NO STAIRS, OPEN FLOOR PLAN",,,,,U-MS-5,,DENVER 1,COLFAX,STRIVE LAKE,NORTH,"DISHWASHER, REFRIGERATOR (KITCHEN), STOVE/RANGE/OVEN",,PUBLIC,2019-02-20,124.0,2019-02-20,ACTIVE,ACTIVE,,,190000.0,,,,,,,,,,,,,,,,,,,,,MICHAEL BERMAN,,,,LIV SOTHEBYS INTERNATIONAL REALTY,,,,2019-06-22,A,1295705.0,127938.0,2019-06-25,,,2019-06-25,,2019-02-20
241973555,7567073742,1725160542,201904242019051100631456090000000007,23111513,63145609,2396648,1261734913,05062-03-013-000,08031,SFR,,28314.0,715.0,CONDOMINIUM,BASEBOARD,OTHER,,1962.0,MEMBRANE,CONCRETE,1.0,1.0,,,,488.0,,"BUILT-INS, CABLE AVAILABLE, DOUBLE PANE WINDOWS, INTERNET ACCESS (WIRED), NO STAIRS, OPEN FLOOR PLAN",,,,,U-MS-5,,DENVER 1,COLFAX,STRIVE LAKE,NORTH,"DISHWASHER, DRYER, GARBAGE DISPOSER, REFRIGERATOR (KITCHEN), SMOKE ALARM, STOVE/RANGE/OVEN, WASHER",,,2019-04-24,19.0,2019-04-24,ACTIVE,ACTIVE,,,349000.0,,,,,,,,,,,,,,,,,,,,,,,,,LIV SOTHEBY'S INTERNATIONAL REALTY,,,,2019-05-11,A,1260841.0,363797.0,2019-05-14,1.0,,2019-05-14,,2019-04-24
249701744,7727689344,1725160542,201904242019062100631456090000000013,23111513,63145609,2396648,1261734913,05062-03-013-000,08031,"CONDOMINIUM, SFR",,28314.0,715.0,"CONDOMINIUM, MID CENTURY, MID-CENTURY MODERN, MID-CENTURY MODERN-CONDOMINIUM","BASEBOARD, ELECTRIC",OTHER,1.000000000000000,1962.0,MEMBRANE,"BRICK, BRICK CONCRETE, CONCRETE",1.0,1.0,,"1 CAR PARKING, CARPORT (0), GARAGE (0), RESERVED - DEEDED (1 SPACES), UNCOVERED (0)",,483.0,,"BUILT-IN FEATURES QUARTZ COUNTER TOPS, BUILT-INS, BUILT-INS CABLE AVAILABLE DOUBLE PANE WINDOWS INTERNET ACCESS (WIRED) NO STAIRS OPEN FLOOR PLAN, CABLE AVAILABLE, DOUBLE PANE WINDOWS, INTERNET ACCESS (WIRED), NO STAIRS, OPEN FLOOR PLAN",,,,NEAR PUBLIC TRANSIT,U-MS-5,,DENVER 1,COLFAX,STRIVE LAKE,NORTH,"DISHWASHER, DISHWASHER DISPOSAL DRYER REFRIGERATOR (KITCHEN) SMOKE ALARM STOVE/RANGE/OVEN WASHER, DISHWASHER DISPOSAL RANGE/OVEN REFRIGERATOR SMOKE DETECTOR, DRYER, GARBAGE DISPOSER, REFRIGERATOR (KITCHEN), SMOKE ALARM, STOVE/RANGE/OVEN, WASHER",,PUBLIC,2019-04-24,58.0,2019-04-24,ACTIVE,ACTIVE,,,345000.0,349000.0,2019-06-21,349000.0,2019-06-21,,,,,-4000.0,2019-06-21,,,,,,,,,,,MICHAEL BERMAN,,,,LIV SOTHEBY'S INTERNATIONAL REALTY,,,,2019-06-21,A,1295702.0,6180.0,2019-06-24,1.0,,2019-06-24,,2019-04-24
228896995,7261140763,1725160542,201901182019030100564759970000000014,23111513,56475997,9378039,1261734913,05062-03-013-000,08031,"CONDOMINIUM, SFR",,28314.0,469.0,"CONDOMINIUM, MID-CENTURY MODERN",BASEBOARD,OTHER,,1962.0,MEMBRANE,"BRICK, CONCRETE",1.0,1.0,,"CARPORT (0), GARAGE (0), RESERVED - DEEDED (1 SPACES), UNCOVERED (0)",,490.0,,"BUILT-INS, BUILT-INS CABLE AVAILABLE DOUBLE PANE WINDOWS INTERNET ACCESS (WIRED) NO STAIRS OPEN FLOOR PLAN, CABLE AVAILABLE, DOUBLE PANE WINDOWS, INTERNET ACCESS (WIRED), NO STAIRS, OPEN FLOOR PLAN",,,,,U-MS-5,,DENVER 1,COLFAX,STRIVE LAKE,NORTH,"DISHWASHER, DISHWASHER REFRIGERATOR (KITCHEN) STOVE/RANGE/OVEN, REFRIGERATOR (KITCHEN), STOVE/RANGE/OVEN",,PUBLIC,2019-01-18,42.0,2019-01-18,ACTIVE,ACTIVE,,,230000.0,,,,,,,,,,,,,,,,,,,,,,,,,LIV SOTHEBY'S INTERNATIONAL REALTY,,,,2019-03-01,A,1202724.0,57243.0,2019-03-04,1.0,,2019-03-04,,2019-01-18
223022129,7112675141,1725160542,201901182019012800564759970000000009,23111513,56475997,9378039,1261734913,05062-03-013-000,08031,SFR,,28314.0,469.0,CONDOMINIUM,BASEBOARD,OTHER,,1962.0,MEMBRANE,"BRICK, CONCRETE",1.0,1.0,,"CARPORT (0), GARAGE (0), UNCOVERED (0)",,490.0,,"BUILT-INS, CABLE AVAILABLE, DOUBLE PANE WINDOWS, INTERNET ACCESS (WIRED), NO STAIRS, OPEN FLOOR PLAN",,,,,U-MS-5,,DENVER 1,COLFAX,STRIVE LAKE,NORTH,"DISHWASHER, REFRIGERATOR (KITCHEN), STOVE/RANGE/OVEN",,PUBLIC,2019-01-18,10.0,2019-01-18,ACTIVE,ACTIVE,,,230000.0,230000.0,2019-01-28,220000.0,2019-01-25,,,,,10000.0,2019-01-28,-10000.0,2019-01-28,,,,,,,,,MICHAEL BERMAN,,,,LIV SOTHEBY'S INTERNATIONAL REALTY,,,,2019-01-28,C,1174231.0,91441.0,2019-01-29,1.0,,2019-01-29,,2019-01-18
223768889,7119008374,1725160542,201901182019013100564759970000000010,23111513,56475997,9378039,1261734913,05062-03-013-000,08031,"CONDOMINIUM, SFR",,28314.0,469.0,CONDOMINIUM,BASEBOARD,OTHER,1.000000000000000,1962.0,MEMBRANE,"BRICK, CONCRETE",1.0,1.0,,"CARPORT (0), GARAGE (0), UNCOVERED (0)",,490.0,,"BUILT-INS, CABLE AVAILABLE, DOUBLE PANE WINDOWS, INTERNET ACCESS (WIRED), NO STAIRS, OPEN FLOOR PLAN",,,,,U-MS-5,,DENVER 1,COLFAX,STRIVE LAKE,NORTH,"DISHWASHER, REFRIGERATOR (KITCHEN), STOVE/RANGE/OVEN",,PUBLIC,2019-01-18,13.0,2019-01-18,ACTIVE,ACTIVE,,,230000.0,230000.0,2019-01-28,220000.0,2019-01-25,,,,,10000.0,2019-01-28,-10000.0,2019-01-28,,,,,,,,,MICHAEL BERMAN,,,,LIV SOTHEBYS INTERNATIONAL REALTY,,,,2019-01-31,C,1174750.0,25107.0,2019-02-01,1.0,,2019-02-01,,2019-01-18
248318246,7670037777,1725160542,201902202019061300595431570000000011,23111513,59543157,8690929,1261734913,05062-03-013-000,08031,"CONDOMINIUM, SFR",,28314.0,469.0,"MID CENTURY, MID-CENTURY MODERN-CONDOMINIUM","BASEBOARD, ELECTRIC",OTHER,1.000000000000000,1962.0,MEMBRANE,"BRICK, BRICK CONCRETE, CONCRETE",1.0,1.0,,"1 CAR PARKING, CARPORT (0), GARAGE (0), UNCOVERED (0)",,405.0,,"BUILT-IN FEATURES QUARTZ COUNTER TOPS, BUILT-INS, CABLE AVAILABLE, DOUBLE PANE WINDOWS, INTERNET ACCESS (WIRED), NO STAIRS, OPEN FLOOR PLAN",,,,,U-MS-5,,DENVER 1,COLFAX,STRIVE LAKE,NORTH,"DISHWASHER, DISHWASHER DISPOSAL RANGE/OVEN REFRIGERATOR SMOKE DETECTOR, REFRIGERATOR (KITCHEN), STOVE/RANGE/OVEN",,PUBLIC,2019-02-20,113.0,2019-02-20,ACTIVE,FAIL,,,190000.0,,,,,,,,,,,,,,,,,,,,,MICHAEL BERMAN,,,,LIV SOTHEBY'S INTERNATIONAL REALTY,15308 W SUNSET BLVD PACIFIC PALISADES CA 90272-3613,(424) 354-0790,,2019-06-13,A,1284535.0,56531.0,2019-06-14,,,2019-02-20,2019-06-13,2019-02-20
249550327,7692547152,1725160542,201904242019062000631456090000000011,23111513,63145609,2396648,1261734913,05062-03-013-000,08031,"CONDOMINIUM, SFR",,28314.0,469.0,"CONDOMINIUM, MID CENTURY, MID-CENTURY MODERN-CONDOMINIUM","BASEBOARD, ELECTRIC",OTHER,1.000000000000000,1962.0,MEMBRANE,"BRICK, BRICK CONCRETE, CONCRETE",1.0,1.0,,"1 CAR PARKING, CARPORT (0), GARAGE (0), UNCOVERED (0)",,736.0,,"BUILT-IN FEATURES QUARTZ COUNTER TOPS, BUILT-INS, CABLE AVAILABLE, DOUBLE PANE WINDOWS, INTERNET ACCESS (WIRED), NO STAIRS, OPEN FLOOR PLAN",,,,NEAR PUBLIC TRANSIT,U-MS-5,,DENVER 1,COLFAX,STRIVE LAKE,NORTH,"DISHWASHER, DISHWASHER DISPOSAL RANGE/OVEN REFRIGERATOR SMOKE DETECTOR, DRYER, GARBAGE DISPOSER, REFRIGERATOR (KITCHEN), SMOKE ALARM, STOVE/RANGE/OVEN, WASHER",,PUBLIC,2019-04-24,57.0,2019-04-24,ACTIVE,ACTIVE,,,345000.0,349000.0,2019-06-20,349000.0,2019-06-20,,,,,-4000.0,2019-06-20,,,,,,,,,,,,,,,LIV SOTHEBY'S INTERNATIONAL REALTY,,,,2019-06-20,A,1290405.0,102267.0,2019-06-21,1.0,,2019-06-21,,2019-04-24
230464792,7304750082,1725160542,201901182019030900564759970000000019,23111513,56475997,9378039,1261734913,05062-03-013-000,08031,"CONDOMINIUM, SFR",,28314.0,469.0,"CONDOMINIUM, MID-CENTURY MODERN",BASEBOARD,OTHER,1.000000000000000,1962.0,MEMBRANE,"BRICK, CONCRETE",1.0,1.0,,"CARPORT (0), GARAGE (0), RESERVED - DEEDED (1 SPACES), UNCOVERED (0)",,490.0,,"BUILT-INS, BUILT-INS CABLE AVAILABLE DOUBLE PANE WINDOWS INTERNET ACCESS (WIRED) NO STAIRS OPEN FLOOR PLAN, CABLE AVAILABLE, DOUBLE PANE WINDOWS, INTERNET ACCESS (WIRED), NO STAIRS, OPEN FLOOR PLAN",,,,,U-MS-5,,DENVER 1,COLFAX,STRIVE LAKE,NORTH,"DISHWASHER, DISHWASHER REFRIGERATOR (KITCHEN) STOVE/RANGE/OVEN, REFRIGERATOR (KITCHEN), STOVE/RANGE/OVEN",,PUBLIC,2019-01-18,52.0,2019-01-18,ACTIVE,PENDING,UNDER CONTRACT,,230000.0,,,,,,,,,,,,,FAIL,2019-03-09,,,,,,,MICHAEL BERMAN,,,,LIV SOTHEBYS INTERNATIONAL REALTY,,,,2019-03-09,A,1208484.0,112346.0,2019-03-12,1.0,,2019-03-12,,2019-01-18
238854471,7524181790,1725160542,201902202019042600595431570000000008,23111513,59543157,8690929,1261734913,05062-03-013-000,08031,"CONDOMINIUM, SFR",,28314.0,469.0,"MID CENTURY, MID-CENTURY MODERN-CONDOMINIUM","BASEBOARD, ELECTRIC",OTHER,1.000000000000000,1962.0,MEMBRANE,"BRICK, BRICK CONCRETE, CONCRETE",1.0,1.0,,"1 CAR PARKING, CARPORT (0), GARAGE (0), UNCOVERED (0)",,405.0,,"BUILT-IN FEATURES QUARTZ COUNTER TOPS, BUILT-INS, CABLE AVAILABLE, DOUBLE PANE WINDOWS, INTERNET ACCESS (WIRED), NO STAIRS, OPEN FLOOR PLAN",,,,,U-MS-5,,DENVER 1,COLFAX,STRIVE LAKE,NORTH,"DISHWASHER, DISHWASHER DISPOSAL DRYER LAUNDRY HOOK-UP RANGE/OVEN REFRIGERATOR SMOKE DETECTOR WASHER WASHER/DRYER, REFRIGERATOR (KITCHEN), STOVE/RANGE/OVEN",,PUBLIC,2019-01-18,65.0,2019-02-20,ACTIVE,ACTIVE,,,190000.0,,,,,,,,,,,,,,,,,,,,,MICHAEL BERMAN,,,,LIV SOTHEBY'S INTERNATIONAL REALTY,15308 W SUNSET BLVD PACIFIC PALISADES CA 90272-3613,(424) 354-0790,,2019-04-26,A,1249296.0,68764.0,2019-04-29,,,2019-04-29,,2019-01-18
243330480,7590980738,1725160542,201904242019052000631456090000000008,23111513,63145609,2396648,1261734913,05062-03-013-000,08031,SFR,,28314.0,715.0,MID-CENTURY MODERN-CONDOMINIUM,"BASEBOARD, ELECTRIC",OTHER,1.000000000000000,1962.0,MEMBRANE,"BRICK, CONCRETE",1.0,1.0,,"CARPORT (0), GARAGE (0), UNCOVERED (0)",,488.0,,"BUILT-INS, CABLE AVAILABLE, DOUBLE PANE WINDOWS, INTERNET ACCESS (WIRED), NO STAIRS, OPEN FLOOR PLAN",,,,NEAR PUBLIC TRANSIT,U-MS-5,,DENVER 1,COLFAX,STRIVE LAKE,NORTH,"DISHWASHER, DRYER, GARBAGE DISPOSER, REFRIGERATOR (KITCHEN), SMOKE ALARM, STOVE/RANGE/OVEN, WASHER",,PUBLIC,2019-04-24,26.0,2019-04-24,ACTIVE,UNKNOWN,,,349000.0,,,,,,,,,,,,,,,,,,,,,MICHAEL BERMAN,,,,LIV SOTHEBY'S INTERNATIONAL REALTY,,,,2019-05-20,A,1266857.0,370490.0,2019-05-21,1.0,,2019-04-24,2019-05-20,2019-04-24
230098045,7302962583,1725160542,201901182019030800564759970000000017,23111513,56475997,9378039,1261734913,05062-03-013-000,08031,"CONDOMINIUM, SFR",,28314.0,469.0,CONDOMINIUM,BASEBOARD,OTHER,1.000000000000000,1962.0,MEMBRANE,"BRICK, CONCRETE",1.0,1.0,,"CARPORT (0), GARAGE (0), RESERVED - DEEDED (1 SPACES), UNCOVERED (0)",,490.0,,"BUILT-INS, BUILT-INS CABLE AVAILABLE DOUBLE PANE WINDOWS INTERNET ACCESS (WIRED) NO STAIRS OPEN FLOOR PLAN, CABLE AVAILABLE, DOUBLE PANE WINDOWS, INTERNET ACCESS (WIRED), NO STAIRS, OPEN FLOOR PLAN",,,,,U-MS-5,,DENVER 1,COLFAX,STRIVE LAKE,NORTH,"DISHWASHER, DISHWASHER REFRIGERATOR (KITCHEN) STOVE/RANGE/OVEN, REFRIGERATOR (KITCHEN), STOVE/RANGE/OVEN",,PUBLIC,2019-01-18,49.0,2019-01-18,ACTIVE,PENDING,UNDER CONTRACT,,230000.0,,,,,,,,,,,,,FAIL,2019-03-08,,,,,,,MICHAEL BERMAN,,,,LIV SOTHEBY'S INTERNATIONAL REALTY,,,,2019-03-08,A,1208349.0,23263.0,2019-03-11,1.0,,2019-03-11,,2019-01-18
232336911,7346293501,1725160542,201901182019032000564759970000000021,23111513,56475997,9378039,1261734913,05062-03-013-000,08031,"CONDOMINIUM, SFR",,28314.0,469.0,"CONDOMINIUM, MID CENTURY, MID-CENTURY MODERN",BASEBOARD,OTHER,1.000000000000000,1962.0,MEMBRANE,"BRICK, BRICK CONCRETE, CONCRETE",1.0,1.0,,"1 CAR PARKING, CARPORT (0), GARAGE (0), RESERVED - DEEDED (1 SPACES), UNCOVERED (0)",,469.0,,"BUILT-IN FEATURES QUARTZ COUNTER TOPS, BUILT-INS, BUILT-INS CABLE AVAILABLE DOUBLE PANE WINDOWS INTERNET ACCESS (WIRED) NO STAIRS OPEN FLOOR PLAN, CABLE AVAILABLE, DOUBLE PANE WINDOWS, INTERNET ACCESS (WIRED), NO STAIRS, OPEN FLOOR PLAN",,,,,U-MS-5,,DENVER 1,COLFAX,STRIVE LAKE,NORTH,"DISHWASHER, DISHWASHER DISPOSAL RANGE/OVEN REFRIGERATOR SMOKE DETECTOR, DISHWASHER RANGE/OVEN REFRIGERATOR, DISHWASHER REFRIGERATOR (KITCHEN) STOVE/RANGE/OVEN, REFRIGERATOR (KITCHEN), STOVE/RANGE/OVEN",,PUBLIC,2019-01-18,61.0,2019-01-18,ACTIVE,ACTIVE,,,220000.0,,,,,,,,,,,,,,,,,,,,,MICHAEL BERMAN,,,,LIV SOTHEBY'S INTERNATIONAL REALTY,15308 W SUNSET BLVD PACIFIC PALISADES CA 90272-3613,(424) 354-0790,,2019-03-20,A,1214774.0,161181.0,2019-03-21,,,2019-03-21,,2019-01-18
238853406,7524180725,1725160542,201901182019042600564759970000000022,23111513,56475997,9378039,1261734913,05062-03-013-000,08031,"CONDOMINIUM, SFR",,28314.0,469.0,"CONDOMINIUM, MID CENTURY, MID-CENTURY MODERN",BASEBOARD,OTHER,1.000000000000000,1962.0,MEMBRANE,"BRICK, BRICK CONCRETE, CONCRETE",1.0,1.0,,"1 CAR PARKING, CARPORT (0), GARAGE (0), RESERVED - DEEDED (1 SPACES), UNCOVERED (0)",,469.0,,"BUILT-IN FEATURES QUARTZ COUNTER TOPS, BUILT-INS, BUILT-INS CABLE AVAILABLE DOUBLE PANE WINDOWS INTERNET ACCESS (WIRED) NO STAIRS OPEN FLOOR PLAN, CABLE AVAILABLE, DOUBLE PANE WINDOWS, INTERNET ACCESS (WIRED), NO STAIRS, OPEN FLOOR PLAN",,,,,U-MS-5,,DENVER 1,COLFAX,STRIVE LAKE,NORTH,"DISHWASHER, DISHWASHER DISPOSAL DRYER LAUNDRY HOOK-UP RANGE/OVEN REFRIGERATOR SMOKE DETECTOR WASHER WASHER/DRYER, DISHWASHER DISPOSAL RANGE/OVEN REFRIGERATOR SMOKE DETECTOR, DISHWASHER RANGE/OVEN REFRIGERATOR, DISHWASHER REFRIGERATOR (KITCHEN) STOVE/RANGE",,PUBLIC,2019-01-18,98.0,2019-01-18,ACTIVE,ACTIVE,,,220000.0,,,,,,,,,,,,,,,,,,,,,MICHAEL BERMAN,,,,LIV SOTHEBY'S INTERNATIONAL REALTY,15308 W SUNSET BLVD PACIFIC PALISADES CA 90272-3613,(424) 354-0790,,2019-04-26,A,1249296.0,67699.0,2019-04-29,,,2019-04-29,,2019-01-18
221709191,7091326069,1725160542,201901182019012000564759970000000003,23111513,56475997,9378039,1261734913,05062-03-013-000,08031,CONDOMINIUM,,28314.0,469.0,MID-CENTURY MODERN,BASEBOARD,OTHER,,1962.0,MEMBRANE,BRICK,1.0,1.0,,"CARPORT (0), GARAGE (0), UNCOVERED (0)",,469.0,,BUILT-INS CABLE AVAILABLE DOUBLE PANE WINDOWS INTERNET ACCESS (WIRED) NO STAIRS OPEN FLOOR PLAN,,,,,U-MS-5,,DENVER 1,COLFAX,STRIVE LAKE,NORTH,DISHWASHER REFRIGERATOR (KITCHEN) STOVE/RANGE/OVEN,,PUBLIC,2019-01-18,3.0,2019-01-18,ACTIVE,ACTIVE,,,220000.0,220000.0,2019-01-19,220000.0,2019-01-19,,,,,,,,,,,,,,,,,MICHAEL BERMAN,,,,LIV SOTHEBY'S INTERNATIONAL REALTY,15308 W SUNSET BLVD PACIFIC PALISADES CA 90272-3613,(424) 354-0790,,2019-01-20,C,1168396.0,147568.0,2019-01-22,1.0,,2019-01-22,,2019-01-18
231652820,7342771896,1725160542,201901182019031800564759970000000020,23111513,56475997,9378039,1261734913,05062-03-013-000,08031,"CONDOMINIUM, SFR",,28314.0,469.0,"CONDOMINIUM, MID CENTURY, MID-CENTURY MODERN",BASEBOARD,OTHER,1.000000000000000,1962.0,MEMBRANE,"BRICK, BRICK CONCRETE, CONCRETE",1.0,1.0,,"1 CAR PARKING, CARPORT (0), GARAGE (0), RESERVED - DEEDED (1 SPACES), UNCOVERED (0)",,469.0,,"BUILT-IN FEATURES QUARTZ COUNTER TOPS, BUILT-INS, BUILT-INS CABLE AVAILABLE DOUBLE PANE WINDOWS INTERNET ACCESS (WIRED) NO STAIRS OPEN FLOOR PLAN, CABLE AVAILABLE, DOUBLE PANE WINDOWS, INTERNET ACCESS (WIRED), NO STAIRS, OPEN FLOOR PLAN",,,,,U-MS-5,,DENVER 1,COLFAX,STRIVE LAKE,NORTH,"DISHWASHER, DISHWASHER DISPOSAL RANGE/OVEN REFRIGERATOR SMOKE DETECTOR, DISHWASHER REFRIGERATOR (KITCHEN) STOVE/RANGE/OVEN, REFRIGERATOR (KITCHEN), STOVE/RANGE/OVEN",,PUBLIC,2019-01-18,59.0,2019-01-18,ACTIVE,ACTIVE,,,220000.0,,,,,,,,,,,,,,,,,,,,,MICHAEL BERMAN,,,,LIV SOTHEBY'S INTERNATIONAL REALTY,15308 W SUNSET BLVD PACIFIC PALISADES CA 90272-3613,(424) 354-0790,,2019-03-18,A,1214507.0,113038.0,2019-03-19,1.0,,2019-03-19,,2019-01-18
238853303,7524180622,1725160542,201904242019042600631456090000000004,23111513,63145609,2396648,1261734913,05062-03-013-000,08031,CONDOMINIUM,,28314.0,715.0,MID CENTURY,BASEBOARD,OTHER,1.000000000000000,1962.0,MEMBRANE,"BRICK, CONCRETE",1.0,1.0,,1 CAR PARKING,,488.0,,BUILT-IN FEATURES QUARTZ COUNTER TOPS,,,,NEAR PUBLIC TRANSIT,U-MS-5,,DENVER 1,COLFAX,STRIVE LAKE,NORTH,DISHWASHER DISPOSAL DRYER LAUNDRY HOOK-UP RANGE/OVEN REFRIGERATOR SMOKE DETECTOR WASHER WASHER/DRYER,,PUBLIC,2019-01-18,2.0,2019-04-24,ACTIVE,ACTIVE,,,349000.0,,,,,,,,,,,,,,,,,,,,,MICHAEL BERMAN,,,,LIV SOTHEBY'S INTERNATIONAL REALTY,,,,2019-04-26,A,1249296.0,67596.0,2019-04-29,1.0,,2019-04-29,,2019-01-18
232186216,7346135532,1725160542,201903162019032000608827960000000006,23111513,60882796,5425343,1261734913,05062-03-013-000,08031,CONDOMINIUM,,28314.0,469.0,MID-CENTURY MODERN,BASEBOARD,OTHER,1.000000000000000,1962.0,MEMBRANE,"BRICK, CONCRETE",1.0,1.0,,"CARPORT (0), GARAGE (0), UNCOVERED (0)",,469.0,,BUILT-INS CABLE AVAILABLE DOUBLE PANE WINDOWS INTERNET ACCESS (WIRED) NO STAIRS OPEN FLOOR PLAN,,,,,U-MS-5,,DENVER 1,COLFAX,STRIVE LAKE,NORTH,DISHWASHER DISPOSAL REFRIGERATOR (KITCHEN) SMOKE ALARM STOVE/RANGE/OVEN,,PUBLIC,2019-01-18,4.0,2019-03-16,ACTIVE,ACTIVE,,,220000.0,,,,,,,,,,,,,,,,,,,,,MICHAEL BERMAN,,,,LIV SOTHEBYS INTERNATIONAL REALTY,,,,2019-03-20,A,1214774.0,3212.0,2019-03-21,1.0,,2019-03-21,,2019-01-18
233797387,7392396076,1725160542,201903162019032800608827960000000007,23111513,60882796,5425343,1261734913,05062-03-013-000,08031,SFR,,28314.0,469.0,MID-CENTURY MODERN-CONDOMINIUM,"BASEBOARD, ELECTRIC",OTHER,1.000000000000000,1962.0,MEMBRANE,"BRICK, CONCRETE",1.0,1.0,,"CARPORT (0), GARAGE (0), UNCOVERED (0)",,469.0,,"BUILT-INS, CABLE AVAILABLE, DOUBLE PANE WINDOWS, INTERNET ACCESS (WIRED), NO STAIRS, OPEN FLOOR PLAN",,,,,U-MS-5,,DENVER 1,COLFAX,STRIVE LAKE,NORTH,"DISHWASHER, GARBAGE DISPOSER, REFRIGERATOR (KITCHEN), SMOKE ALARM, STOVE/RANGE/OVEN",,PUBLIC,2019-03-16,12.0,2019-03-16,ACTIVE,ACTIVE,,,220000.0,,,,,,,,,,,,,,,,,,,,,MICHAEL BERMAN,,,,LIV SOTHEBY'S INTERNATIONAL REALTY,,,,2019-03-28,A,1220427.0,37665.0,2019-03-29,1.0,,2019-03-29,,2019-03-16
121071549,4334127054,1725270952,201305072013092700014835060000000004,153312055,1483506,1184070,1169599400,02323-15-037-000,08031,SFR,RESIDENTIAL (NEC),,1439.0,CONTEMPORARY,FORCED AIR,,,2013.0,COMPOSITION SHINGLE,,2.0,3.0,,"ATTACHED, ATTACHED GARAGE","CITY VIEW, MOUNTAIN VIEW",278.0,,,,,"3 STORY WITH ROOF DECKS AND GREAT CITY & MOUNTAIN VIEWS - MODERN/CONTEMPORARY NEW CONSTRUCTIN, EXPECTED COMPLETION MARCH 2014, 6 UNITS AVAILABLE  END UNITS 410K, INTERIOR UNITS 400K.  CHHE/SLOANS LAKE EAST IS ONE OF THE HOTTEST NEIGHBORHOODS, SEVERAL NEW UNITS BEING DEVELOPED, GET IN BEFORE YOU ARE PRICED OUT, PRICES ARE ON THE RISE!  PRE-SALES CAN SELECT FINISHES, CALL LISTOR TO SET AN APPOINTMENT TO REVIEW PLANS AND FINISHES.",,RESIDENTIAL,DNW DENVER NORTHWEST,,CHELTENHAM,,NORTH,,,,2013-05-07,143.0,2013-05-07,FAIL,FAIL,CANCEL/WITHDRAWN,,400000.0,400000.0,2013-05-17,400000.0,2013-05-17,,,,,,,,,ACTIVE,2013-05-17,,,,,,,NATHAN ADAMS,,(303) 997-4001,NATHAN@REALESTATEDENVERTEAM.COM,,,,,2016-05-21,C,684567.0,5149923.0,2017-02-02,,,2013-05-17,2013-05-17,2013-05-07
121072039,4334127548,1725270952,201403282014050900108807640000000002,153312055,10880764,1746848,1169599400,02323-15-037-000,08031,SFR,RESIDENTIAL (NEC),,1425.0,,FORCED AIR,CENTRAL,,,,"BRICK, STUCCO",2.0,3.0,,,,291.0,,,,,"The window just opened to reserve an edgy townhome in Sloans Lake East. This hot new neighborhood is the ideal setting for 2 bedrooms, 2 full baths and 1 half bath with a striking modern/contemporary design throughout.  Prepare to soak in the city and mountain views from your roof top deck. Pre-sale buyers can personalize with unique designer selected packages. NO HOA. Compare value. Jump in now before you are priced out!!",,G-MU-3,SLOANS LAKE,,BROWN,LAKE INT'L,NORTH,,,,2014-03-28,42.0,2014-03-28,FAIL,FAIL,CANCEL/WITHDRAWN,,415000.0,415000.0,2014-04-04,415000.0,2014-04-04,,,,,,,,,ACTIVE,2014-04-04,,,,,,,LINDA KUKULSKI MILLER,,(303) 274-7724,LINDA@REALESTATEDENVERTEAM.COM,,,,,2016-05-22,C,684567.0,5183409.0,2017-02-02,,,2014-04-04,2014-04-04,2014-03-28
